date_sample;Roskilde;Copenhagen;Aarhus;Frederiksberg;Kalundborg;Middelfart;Gentofte;Solrød;Allerød;Dragør;Helsingør;Hillerød;Rudersdal;Næstved;Aalborg;Vallensbæk;Esbjerg;Favrskov;Frederikssund;Furesø;Greve;Holbæk;Kolding;Odense;Silkeborg;Skanderborg;Vejle;Aabenraa;Ballerup;Egedal;Faxe;Fredericia;Faaborg-Midtfyn;Gladsaxe;Guldborgsund;Haderslev;Halsnæs;Herlev;Herning;Hjørring;Horsens;Hvidovre;Hørsholm;Køge;Lejre;Lolland;Lyngby-Taarbæk;Nordfyns;Nyborg;Randers;Rødovre;Skive;Slagelse;Sorø;Stevns;Svendborg;Syddjurs;Sønderborg;Vejen;Viborg;Vordingborg;Billund;Brøndby;Frederikshavn;Gribskov;Holstebro;Kerteminde;Mariagerfjord;Norddjurs;Odder;Odsherred;Rebild;Ringkøbing-Skjern;Vesthimmerlands;Glostrup;Høje-Taastrup;Jammerbugt;Morsø;Thisted;Tønder;Tårnby;Assens;Fredensborg;Ishøj;Lemvig;Albertslund;Bornholm;Ikast-Brande;Langeland;Ringsted;Struer;Hedensted;Brønderslev;Varde;Læsø;Ærø;Fanø
2020-02-26; 1; 0; 0; 0;0;0; 0;0;0;0; 0;0;0; 0; 0;0; 0;0;0;0;0; 0; 0; 0; 0; 0; 0;0; 0; 0;0;0; 0; 0;0;0;0; 0; 0; 0; 0; 0;0;0;0;0; 0;0;0; 0;0;0; 0;0;0;0;0;0;0;0;0;0; 0;0;0; 0;0;0;0;0;0;0;0;0; 0; 0;0;0; 0;0; 0;0;0; 0;0; 0;0;0;0; 0;0;0; 0;0;0;0;0
2020-02-27; 0; 1; 0; 0;0;0; 0;0;0;0; 0;0;0; 0; 0;0; 0;0;0;0;0; 0; 0; 0; 0; 0; 0;0; 0; 0;0;0; 0; 0;0;0;0; 0; 0; 0; 0; 0;0;0;0;0; 0;0;0; 0;0;0; 0;0;0;0;0;0;0;0;0;0; 0;0;0; 0;0;0;0;0;0;0;0;0; 0; 0;0;0; 0;0; 0;0;0; 0;0; 0;0;0;0; 0;0;0; 0;0;0;0;0
2020-02-28; 0; 0; 1; 0;0;0; 0;0;0;0; 0;0;0; 0; 0;0; 0;0;0;0;0; 0; 0; 0; 0; 0; 0;0; 0; 0;0;0; 0; 0;0;0;0; 0; 0; 0; 0; 0;0;0;0;0; 0;0;0; 0;0;0; 0;0;0;0;0;0;0;0;0;0; 0;0;0; 0;0;0;0;0;0;0;0;0; 0; 0;0;0; 0;0; 0;0;0; 0;0; 0;0;0;0; 0;0;0; 0;0;0;0;0
2020-03-01; 0; 1; 0; 0;0;0; 0;0;0;0; 0;0;0; 0; 0;0; 0;0;0;0;0; 0; 0; 0; 0; 0; 0;0; 0; 0;0;0; 0; 0;0;0;0; 0; 0; 0; 0; 0;0;0;0;0; 0;0;0; 0;0;0; 0;0;0;0;0;0;0;0;0;0; 0;0;0; 0;0;0;0;0;0;0;0;0; 0; 0;0;0; 0;0; 0;0;0; 0;0; 0;0;0;0; 0;0;0; 0;0;0;0;0
2020-03-02; 0; 1; 0; 1;1;1; 0;0;0;0; 0;0;0; 0; 0;0; 0;0;0;0;0; 0; 0; 0; 0; 0; 0;0; 0; 0;0;0; 0; 0;0;0;0; 0; 0; 0; 0; 0;0;0;0;0; 0;0;0; 0;0;0; 0;0;0;0;0;0;0;0;0;0; 0;0;0; 0;0;0;0;0;0;0;0;0; 0; 0;0;0; 0;0; 0;0;0; 0;0; 0;0;0;0; 0;0;0; 0;0;0;0;0
2020-03-03; 0; 4; 0; 0;0;0; 0;0;0;0; 0;0;0; 0; 0;0; 0;0;0;0;0; 0; 0; 0; 0; 0; 0;0; 0; 0;0;0; 0; 0;0;0;0; 0; 0; 0; 0; 0;0;0;0;0; 0;0;0; 0;0;0; 0;0;0;0;0;0;0;0;0;0; 0;0;0; 0;0;0;0;0;0;0;0;0; 0; 0;0;0; 0;0; 0;0;0; 0;0; 0;0;0;0; 0;0;0; 0;0;0;0;0
2020-03-04; 0; 1; 0; 0;0;0; 1;1;0;0; 0;0;0; 0; 0;0; 0;0;0;0;0; 0; 0; 0; 0; 0; 0;0; 0; 0;0;0; 0; 0;0;0;0; 0; 0; 0; 0; 0;0;0;0;0; 0;0;0; 0;0;0; 0;0;0;0;0;0;0;0;0;0; 0;0;0; 0;0;0;0;0;0;0;0;0; 0; 0;0;0; 0;0; 0;0;0; 0;0; 0;0;0;0; 0;0;0; 0;0;0;0;0
2020-03-05; 0; 2; 0; 2;0;0; 0;0;1;1; 2;1;1; 0; 0;0; 0;0;0;0;0; 0; 0; 0; 0; 0; 0;0; 0; 0;0;0; 0; 0;0;0;0; 0; 0; 0; 0; 0;0;0;0;0; 0;0;0; 0;0;0; 0;0;0;0;0;0;0;0;0;0; 0;0;0; 0;0;0;0;0;0;0;0;0; 0; 0;0;0; 0;0; 0;0;0; 0;0; 0;0;0;0; 0;0;0; 0;0;0;0;0
2020-03-06; 0; 0; 0; 0;0;0; 0;0;0;0; 0;0;0; 1; 1;0; 0;0;0;0;0; 0; 0; 0; 0; 0; 0;0; 0; 0;0;0; 0; 0;0;0;0; 0; 0; 0; 0; 0;0;0;0;0; 0;0;0; 0;0;0; 0;0;0;0;0;0;0;0;0;0; 0;0;0; 0;0;0;0;0;0;0;0;0; 0; 0;0;0; 0;0; 0;0;0; 0;0; 0;0;0;0; 0;0;0; 0;0;0;0;0
2020-03-07; 0; 1; 1; 1;0;0; 0;0;0;0; 0;2;3; 0; 0;1; 0;0;0;0;0; 0; 0; 0; 0; 0; 0;0; 0; 0;0;0; 0; 0;0;0;0; 0; 0; 0; 0; 0;0;0;0;0; 0;0;0; 0;0;0; 0;0;0;0;0;0;0;0;0;0; 0;0;0; 0;0;0;0;0;0;0;0;0; 0; 0;0;0; 0;0; 0;0;0; 0;0; 0;0;0;0; 0;0;0; 0;0;0;0;0
2020-03-08; 1; 3;15; 2;0;0; 1;0;1;0; 0;0;2; 1; 1;0; 1;1;2;1;1; 1; 4; 1; 2; 4; 1;2; 0; 0;0;0; 0; 0;0;0;0; 0; 0; 0; 0; 0;0;0;0;0; 0;0;0; 0;0;0; 0;0;0;0;0;0;0;0;0;0; 0;0;0; 0;0;0;0;0;0;0;0;0; 0; 0;0;0; 0;0; 0;0;0; 0;0; 0;0;0;0; 0;0;0; 0;0;0;0;0
2020-03-09; 2;23;25; 6;1;5; 5;4;0;0; 9;2;2; 7; 6;1;11;1;0;2;2; 2; 6; 8; 6; 2; 5;2; 2; 1;2;1; 2; 3;2;1;2; 1; 5; 2; 1; 1;4;2;2;3; 6;1;1; 2;1;1; 1;2;3;3;1;2;1;1;2;0; 0;0;0; 0;0;0;0;0;0;0;0;0; 0; 0;0;0; 0;0; 0;0;0; 0;0; 0;0;0;0; 0;0;0; 0;0;0;0;0
2020-03-10; 6;50;37;13;1;2;13;1;3;0; 7;4;6; 0; 5;1; 4;4;2;0;7; 1; 5; 3; 4;13; 1;1; 1; 1;0;3; 2; 1;2;1;2; 2; 2; 0; 1; 1;3;4;0;0; 3;1;1; 2;1;3; 0;0;0;1;0;0;0;1;3;1; 1;2;1; 1;1;2;1;1;2;3;2;1; 0; 0;0;0; 0;0; 0;0;0; 0;0; 0;0;0;0; 0;0;0; 0;0;0;0;0
2020-03-11; 4;29;12; 8;0;2;11;3;0;3; 2;1;7; 4;11;1; 4;0;1;1;4; 0;10; 6; 8; 0; 4;2; 1; 4;1;4; 5; 6;1;0;1; 0; 3; 2; 0; 0;1;2;0;1; 3;1;0; 1;0;0; 3;0;0;0;0;1;1;0;0;1; 3;1;0; 0;0;4;0;1;4;1;0;0; 1; 1;1;1; 2;2; 3;0;0; 0;0; 0;0;0;0; 0;0;0; 0;0;0;0;0
2020-03-12; 0; 6; 5; 2;0;0; 2;0;0;0; 0;0;2; 1; 2;0; 0;0;0;0;1; 0; 1; 1; 0; 1; 1;0; 1; 0;0;0; 1; 0;0;0;0; 0; 0; 0; 0; 0;0;2;0;0; 1;1;0; 0;1;0; 2;0;0;1;0;0;0;0;0;0; 0;0;0; 0;1;0;0;0;0;0;1;0; 0; 0;0;0; 0;0; 1;1;1; 1;1; 0;0;0;0; 0;0;0; 0;0;0;0;0
2020-03-13; 0; 9; 3; 2;0;0; 2;0;0;0; 0;1;2; 0; 0;1; 0;0;0;0;2; 0; 0; 0; 0; 0; 0;0; 1; 0;0;0; 1; 0;1;0;0; 0; 1; 0; 0; 0;0;0;0;0; 0;0;0; 0;0;0; 0;0;0;0;0;0;0;2;0;0; 0;0;3; 1;0;0;0;0;0;1;0;0; 0; 0;0;0; 0;0; 0;0;0; 0;0; 0;0;0;0; 0;0;0; 0;0;0;0;0
2020-03-14; 0; 3; 2; 3;0;1; 2;0;0;0; 0;0;0; 0; 1;0; 0;0;0;0;0; 0; 1; 2; 0; 0; 0;0; 1; 0;0;1; 0; 2;0;0;0; 0; 2; 0; 1; 1;0;3;0;0; 0;0;0; 0;1;0; 2;2;0;0;0;0;0;0;0;0; 2;0;0; 0;0;0;0;1;0;0;0;1; 0; 0;0;1; 0;0; 0;0;0; 0;0; 1;0;0;0; 0;0;0; 0;0;0;0;0
2020-03-15; 2;10; 0; 0;0;0; 1;0;0;0; 0;0;1; 1; 1;0; 0;0;0;0;0; 0; 0; 0; 0; 0; 1;0; 0; 1;1;0; 0; 1;0;0;0; 0; 0; 1; 0; 2;1;2;0;0; 0;0;0; 2;2;0; 4;0;0;1;0;0;0;0;0;0; 2;0;0; 1;0;0;0;0;0;0;0;0; 1; 0;0;0; 1;0; 1;0;1; 0;0; 0;1;1;1; 0;0;0; 0;0;0;0;0
2020-03-16; 1;23; 0; 3;0;0; 2;0;0;0; 2;1;1; 1; 0;0; 1;0;1;1;1; 2; 0; 1; 0; 0; 0;0; 2; 2;1;0; 1; 3;0;0;0; 1; 2; 0; 0; 0;0;1;0;1; 4;0;0; 0;1;0; 5;1;0;3;0;0;0;0;0;0; 1;0;0; 0;0;0;0;0;0;0;0;0; 1; 0;1;0; 0;0; 1;0;0; 0;0; 0;0;0;0; 1;0;0; 0;0;0;0;0
2020-03-17; 2;21; 3; 2;0;0; 2;0;0;0; 1;0;1; 2; 3;1; 1;1;0;3;0; 0; 1; 0; 0; 0; 0;0; 1; 0;1;1; 1; 5;0;0;0; 1; 2; 0; 0; 0;1;2;0;0; 3;0;1; 0;0;0; 3;0;0;0;0;0;1;1;0;0; 2;1;0; 0;0;0;0;0;0;0;0;0; 2; 0;0;0; 0;0; 1;0;0; 0;0; 2;0;0;0; 0;0;0; 0;0;0;0;0
2020-03-18; 0;20; 4; 3;2;1; 4;0;1;1; 1;2;2; 0; 4;0; 1;1;2;0;0; 0; 0; 0; 2; 0; 1;0; 2; 0;0;0; 0; 2;0;0;0; 0; 0; 1; 0; 1;0;0;1;1; 0;0;0; 1;2;1; 9;1;0;1;0;0;0;0;0;0; 2;0;1; 2;0;0;0;0;0;0;0;0; 1; 1;0;0; 1;0; 0;0;0; 0;0; 0;0;0;0; 0;0;0; 0;0;0;0;0
2020-03-19; 3;20; 7; 5;2;1; 4;0;0;1; 3;0;0; 0; 4;0; 4;1;0;2;0; 0; 4; 3; 1; 0; 2;0; 2; 0;0;0; 0; 3;0;0;1; 2; 9; 0; 0; 1;1;0;0;0; 1;0;0; 0;0;0; 1;0;0;1;0;1;0;0;0;0; 1;0;3; 2;0;0;0;0;0;0;0;0; 0; 1;0;0; 1;0; 1;0;1; 0;2; 1;2;1;0; 0;1;0; 0;0;0;0;0
2020-03-20; 0;22; 1; 3;2;1; 4;0;0;0; 2;1;1; 0; 5;1; 4;0;1;3;0; 2; 3; 0; 1; 0; 2;0; 2; 1;1;0; 1; 1;1;0;0; 1; 1; 0; 0; 0;1;1;1;1; 1;0;1; 1;1;0; 8;1;1;1;0;0;1;0;0;0; 0;0;0; 2;0;0;0;0;0;0;1;0; 2; 2;0;0; 0;0; 1;0;0; 1;1; 1;2;0;0; 0;1;0; 0;0;0;0;0
2020-03-21; 1; 6; 0; 2;0;0; 2;0;0;0; 2;3;1; 0; 0;1; 1;0;1;1;0; 1; 0; 0; 0; 0; 2;0; 0; 1;1;1; 0; 1;0;0;0; 0; 1; 0; 0; 0;1;1;0;0; 1;0;1; 0;0;1; 4;0;0;1;0;0;0;1;0;0; 1;0;3; 1;0;0;0;0;0;0;0;1; 0; 0;0;0; 0;0; 0;0;0; 1;0; 0;0;0;0; 0;0;1; 0;0;0;0;0
2020-03-22; 0;14; 3; 3;2;0; 4;0;0;0; 2;2;0; 2; 0;0; 1;0;0;1;0; 1; 2; 0; 0; 0; 0;0; 0; 1;2;0; 0; 4;0;0;1; 0; 1; 0; 1; 0;0;1;0;1; 0;0;1; 2;0;0; 1;0;0;1;0;0;0;0;0;0; 0;0;3; 1;0;1;0;0;1;0;1;0; 0; 0;0;0; 0;0; 0;0;0; 0;0; 0;0;0;0; 0;0;0; 1;0;0;0;0
2020-03-23; 3;28; 6; 3;0;2; 9;2;1;0; 1;0;1; 1; 6;3; 0;1;0;2;1; 0; 2; 1; 0; 1; 0;0; 2; 0;0;0; 2; 2;0;0;0; 1; 5; 1; 1; 3;4;3;0;1; 2;2;0; 0;2;1; 5;1;0;1;0;0;0;1;0;0; 2;0;2; 1;0;1;0;0;0;0;2;1; 0; 1;0;0; 1;0; 2;1;1; 0;0; 0;0;0;0; 0;1;1; 0;0;0;0;0
2020-03-24; 3;29; 3; 6;0;1; 5;0;0;0; 2;3;1; 0; 6;1; 3;1;1;1;1; 2; 1; 4; 0; 0; 2;1; 0; 1;0;2; 1; 4;1;0;1; 1; 3; 0; 1; 2;0;2;1;0; 1;0;0; 0;2;1; 2;3;1;5;0;0;0;2;0;1; 3;0;3; 0;0;0;0;0;0;0;1;1; 1; 1;0;0; 0;0; 1;1;2; 0;0; 0;2;2;0; 2;1;1; 0;1;0;0;0
2020-03-25; 5;26; 1; 8;3;0; 1;2;0;0; 3;1;2; 1; 4;3; 3;0;1;0;3; 4; 5; 1; 2; 2; 2;0; 2; 2;0;2; 0; 3;0;0;0; 0; 9; 1; 1; 5;2;4;0;0; 2;0;2; 1;2;0; 5;0;0;4;0;0;0;3;1;0; 3;0;0; 1;0;2;1;0;0;0;1;0; 2; 1;1;0; 0;0; 1;0;2; 0;0; 0;1;0;0; 1;0;0; 0;0;0;0;0
2020-03-26; 2;26; 8; 7;2;2; 5;1;0;0; 2;3;2; 1; 7;3; 1;1;3;0;1; 2; 5; 4; 2; 0; 1;0; 1; 5;1;3; 0; 7;2;0;0; 1; 3; 0; 0; 2;2;2;0;0; 1;0;0; 0;0;1; 2;3;0;2;0;1;2;4;0;0; 0;1;2; 3;1;0;1;1;0;0;3;0; 3; 1;1;1; 0;0; 5;0;0; 3;0; 1;4;0;0; 0;0;0; 2;1;0;0;0
2020-03-27; 3;49; 5;11;2;0; 6;1;2;0; 0;3;2; 0; 5;2; 9;2;2;1;5; 1; 2; 5; 0; 0; 2;1; 5; 2;0;2; 1; 4;1;0;1; 0; 5; 0; 1; 4;3;5;0;1; 3;1;1; 1;4;0; 6;0;0;4;0;0;1;1;0;0; 2;1;3; 4;0;1;0;0;1;0;4;0; 0; 5;1;0; 2;1; 1;0;3; 0;0; 1;3;0;1; 2;2;0; 0;0;0;0;0
2020-03-28; 1;53; 2; 8;1;0; 1;2;1;1; 0;5;1; 3; 4;0; 6;0;1;0;1; 0; 0; 6; 1; 2; 3;0; 3; 1;4;0; 0; 5;0;1;1; 3; 5; 1; 1; 4;1;0;0;0; 5;0;2; 0;4;0; 6;1;2;1;0;0;2;1;1;0; 0;0;7; 4;0;1;0;0;1;0;4;2; 1;11;0;0; 0;0; 0;1;1; 1;0; 1;1;0;0; 1;0;1; 2;1;1;0;0
2020-03-29; 1;40; 1; 5;0;0; 4;0;0;0; 1;1;1; 3; 5;0; 1;0;0;2;1; 0; 4; 1; 0; 1; 1;0; 1; 0;0;1; 0; 2;1;0;0; 1; 0; 1; 0; 3;3;2;1;0; 3;0;1; 0;2;0; 3;2;0;0;2;0;0;1;1;0; 2;0;1; 0;0;0;1;0;0;0;1;0; 5; 3;2;0; 0;1; 1;1;1; 0;0; 1;0;1;0; 0;0;0; 1;1;0;0;0
2020-03-30;12;48;11;17;2;2; 8;1;2;1; 3;1;5; 3; 3;2; 6;1;3;2;4; 2; 1; 8; 2; 1; 6;1; 5; 7;2;3; 1; 4;2;0;1; 2; 8; 2; 1; 7;3;6;3;5; 5;0;2; 2;5;0; 7;3;0;4;1;1;1;2;1;1; 2;0;3; 8;2;0;0;0;0;2;3;1; 4; 4;0;0; 1;0; 2;1;1; 5;1; 4;5;0;0; 3;0;0; 2;0;0;0;0
2020-03-31; 2;48; 6;11;0;0; 6;2;0;0; 0;2;1; 5; 2;4; 4;0;3;2;2; 2; 2; 8; 2; 0; 1;0; 6; 5;2;1; 0; 6;0;0;1; 3;13; 2; 0; 3;0;3;3;1; 2;0;1; 1;1;0; 9;3;1;2;1;0;0;3;0;0; 5;2;4;15;0;0;0;0;0;0;5;3; 4; 5;0;0; 0;1; 1;1;0; 2;1; 0;0;2;0; 3;1;0; 9;2;0;1;0
2020-04-01; 1;44;14; 8;2;3; 6;1;1;0; 5;1;8; 3; 4;1; 5;0;2;1;0; 4; 4; 4; 6; 0; 4;2; 4; 4;1;0; 0; 4;2;0;3; 5;11; 0; 2;13;1;2;0;3; 4;1;0; 0;6;0;10;1;0;4;0;1;2;3;1;0; 2;0;0; 9;2;0;0;0;0;2;2;8; 4; 6;0;0; 1;2; 1;0;0; 1;1; 1;4;2;0; 2;4;0; 1;2;0;0;0
2020-04-02; 7;61;16;16;2;3; 5;1;0;2;10;3;6; 6; 9;3; 6;0;4;3;2; 9; 6; 7; 5; 1; 8;1; 7; 2;1;4; 1; 8;2;2;0; 5; 3; 1; 3; 6;5;9;1;3; 3;1;2; 3;3;3;15;4;1;4;1;1;0;4;0;0; 5;1;3; 7;2;0;0;0;2;1;0;7; 5; 4;1;0; 0;1; 5;2;5; 2;1; 4;2;3;0; 0;0;0; 6;1;0;1;0
2020-04-03; 3;97;19;11;4;3; 7;0;1;1; 5;4;2; 3; 7;6; 7;0;6;2;2; 9; 7;13; 2; 3; 9;3; 6; 9;1;4; 2;13;2;0;2; 8;19; 1; 2;17;5;4;2;2; 9;2;0; 1;5;2;14;3;1;6;0;2;1;3;0;1;10;2;3;12;0;4;0;0;1;0;3;5; 8; 3;2;0; 2;1; 5;1;1; 0;2; 4;8;1;0; 1;0;2; 5;0;0;0;0
2020-04-04; 1;94; 2;15;2;1; 4;3;1;1; 0;2;3; 1; 3;4; 4;0;3;5;2; 0; 3; 4; 1; 3; 0;1; 7;10;0;0; 0; 9;0;1;0; 3; 3; 1; 2; 9;0;4;1;0; 2;0;0; 0;2;0; 9;1;1;0;0;1;1;1;0;0; 3;0;1;14;0;0;1;0;0;0;2;0; 6; 3;1;0; 3;0; 4;0;2; 4;1; 8;8;0;0; 1;0;0; 0;0;0;0;0
2020-04-05; 1;43; 4; 3;1;0; 0;1;1;1; 3;1;2; 1; 0;1; 1;0;1;2;2; 2; 2; 2; 1; 1; 1;0; 1; 6;1;1; 0; 4;1;0;0; 3; 4; 1; 0; 2;2;2;1;1; 3;0;0; 0;4;0; 3;0;0;2;0;0;3;2;0;0; 6;0;0; 5;0;1;0;0;1;1;1;1; 4; 4;1;0; 0;0; 1;0;0; 2;0; 1;1;0;0; 0;2;0; 0;0;0;0;0
2020-04-06; 5;97;20;19;1;3;10;1;1;2; 3;1;3; 6; 5;4; 3;2;6;2;6; 7; 5; 7; 8; 1; 5;1; 3; 6;0;2; 2; 7;0;1;1; 2;12; 2; 1;13;1;7;2;0; 3;0;4; 0;1;2;19;4;1;4;0;0;3;1;0;1; 5;1;2;16;1;2;0;1;3;0;0;3; 5; 2;1;1; 3;1; 3;2;5; 4;1; 8;2;2;0; 1;2;2; 3;2;0;0;0
2020-04-07; 9;61;12; 8;2;2; 2;4;0;2; 4;3;4; 3; 3;2; 7;3;1;5;3; 4; 4; 8; 6; 1; 2;4; 4; 6;3;0; 0; 8;3;2;1; 4;10; 0; 3;13;1;3;0;1;11;0;2; 0;4;2;15;1;0;2;0;0;1;2;0;0; 4;1;0;10;0;0;0;0;1;0;4;0;12; 3;3;0; 2;0;10;0;1; 2;0; 5;1;9;0; 1;4;0; 0;0;0;1;0
2020-04-08; 3;65;13; 9;1;0; 3;0;1;2; 4;3;1; 5; 1;4; 2;0;2;1;6; 5; 3; 4; 4; 0; 0;4;11; 9;1;0; 0; 7;2;0;3; 5;10; 0; 3; 9;1;5;2;1; 3;1;0; 0;7;2;13;1;0;3;1;0;0;4;4;0; 4;1;1; 7;0;0;0;0;1;0;2;3; 0; 0;0;0; 2;0; 2;0;0; 3;1; 3;3;2;1; 2;0;1; 0;1;0;0;0
2020-04-09; 3;29; 5; 3;2;0; 5;0;0;0; 2;0;0; 3; 1;2; 1;2;2;0;1; 0; 1; 1; 0; 0; 1;3; 2; 1;0;0; 0; 4;1;0;0; 2; 6; 2; 2; 6;0;0;1;0; 4;0;0; 1;3;0; 3;2;0;3;0;0;0;0;1;0; 0;0;0; 4;1;1;0;0;1;0;2;2; 2; 3;2;0; 0;0; 1;1;0; 2;0; 1;0;0;0; 1;1;0; 0;0;0;0;0
2020-04-10; 2;27; 1; 8;0;0; 2;0;1;0; 2;1;2; 3; 4;1; 0;0;0;0;0; 3; 0; 7; 4; 0; 0;0; 6; 3;0;0; 0; 3;1;0;1; 3; 1; 0; 0; 3;0;0;1;1; 1;0;0; 0;4;2; 7;0;0;0;0;0;0;1;0;0; 2;0;0; 5;0;0;0;0;2;0;1;1; 2; 8;0;0; 2;0; 4;0;0; 1;0; 2;2;0;0; 1;0;2; 0;0;0;0;0
2020-04-11; 0;25; 3; 4;0;0; 2;0;1;1; 0;2;0; 3; 1;0; 2;0;0;1;0; 2; 1; 4; 3; 3; 0;1; 5; 6;2;0; 0; 5;0;0;0; 1; 9; 0; 0; 4;0;0;1;1; 2;0;0; 0;2;1; 4;0;2;1;1;0;0;2;0;3; 1;0;1; 4;0;0;1;0;0;0;2;0; 2; 4;0;0; 1;1; 0;1;2; 1;0; 1;1;3;0; 0;1;1; 0;0;0;0;0
2020-04-12; 3;27; 3; 3;0;2; 2;0;0;1; 3;1;0; 3; 4;3; 1;0;1;2;1; 3; 0; 2; 2; 0; 0;0; 5; 4;0;0; 0; 3;1;0;4; 5; 8; 0; 0; 7;0;1;2;0; 5;0;1; 0;3;0; 3;0;0;3;0;1;0;2;0;2; 3;0;1; 3;0;0;0;0;0;0;0;1; 1; 3;1;2; 0;0; 0;0;0; 5;1; 3;0;0;0; 2;1;1; 0;0;0;1;0
2020-04-13; 3;32; 9; 5;1;0; 4;0;0;1; 0;2;2; 3; 1;2; 1;0;1;1;0; 1; 0; 0; 3; 3; 0;2; 4; 2;0;0; 0; 6;1;0;0; 3; 4; 0; 0; 8;0;0;2;0; 2;0;1; 0;7;1; 7;0;0;0;2;0;1;1;0;0; 2;0;0; 3;0;0;0;0;0;0;2;1; 2; 5;0;1; 1;0; 0;1;0; 3;0; 2;0;0;0; 0;3;0; 1;0;0;0;0
2020-04-14; 2;35; 3;10;2;0; 5;3;0;0; 0;3;4; 3; 1;3; 0;2;1;4;2; 6; 3; 8; 6; 0; 1;2; 4; 4;2;1; 1; 9;2;0;0; 1;12; 0; 2; 5;2;3;1;4; 3;0;5; 1;6;3;10;2;1;2;1;0;0;2;2;0; 4;0;0; 8;1;0;0;0;3;0;5;0; 6; 6;0;0; 1;1; 3;0;1; 2;1;13;0;0;0; 3;0;0; 0;0;0;0;0
2020-04-15; 4;36; 2;10;2;0;16;0;0;0; 2;3;2; 4; 3;1; 1;0;1;0;1; 3; 1; 0; 1; 0; 1;2; 3; 3;2;0; 3; 2;1;0;0; 1; 7; 0; 0;12;1;3;1;1; 2;1;1; 0;0;0; 4;1;1;1;0;0;0;3;0;1; 6;0;1; 9;0;0;0;0;1;0;1;1; 2; 3;0;2; 1;0; 1;2;2; 3;0; 5;1;3;0; 1;1;0; 1;0;0;0;0
2020-04-16; 4;34; 6; 4;1;1; 1;1;0;0; 0;1;1; 3; 2;0; 0;0;1;1;1; 1; 0; 7; 4; 1; 0;2; 7; 4;0;0; 0; 5;1;0;1; 0; 4; 1; 2; 1;1;1;3;1; 3;0;1; 0;5;1; 3;1;2;2;1;0;0;6;1;1; 3;0;0; 9;0;2;0;0;0;0;1;0; 0; 5;0;0; 0;0; 2;2;2; 4;2; 4;0;4;1; 0;1;0; 0;0;0;0;0
2020-04-17; 4;28; 4; 4;1;0; 2;0;0;0; 0;2;3; 3; 0;1; 0;0;2;2;1; 4; 0; 4; 5; 0; 1;0; 3; 5;2;0; 0; 4;6;0;0; 0; 5; 0; 0; 7;1;1;2;8; 3;0;0; 0;4;0; 5;2;0;1;0;0;0;3;4;2; 3;0;0; 6;0;0;0;0;0;0;0;1; 5; 2;0;2; 1;0; 0;0;0; 3;0; 2;2;0;0; 0;0;0; 0;2;0;0;0
2020-04-18; 3;27; 2; 3;1;0; 1;0;0;0; 3;1;4; 2; 0;1; 1;0;1;0;0; 0; 0; 1; 1; 2; 0;0; 1; 5;1;0; 0; 0;2;0;0; 2; 2; 0; 0; 0;0;0;0;5; 0;0;0; 0;0;1; 2;1;0;0;0;0;0;2;3;0; 1;0;0; 5;0;1;0;0;1;0;1;0; 1; 2;0;1; 0;0; 0;0;0; 3;0; 4;0;0;1; 1;1;0; 0;0;0;0;0
2020-04-19; 2;23; 2; 7;0;0; 2;0;0;0; 2;0;3; 6; 0;2; 0;0;2;0;1; 1; 0; 3; 0; 0; 0;0; 2; 2;2;0; 0; 2;6;0;1; 3; 4; 0; 0; 1;0;2;1;2; 0;0;0; 0;0;1; 2;0;0;0;0;0;0;0;3;1; 2;0;0; 7;0;0;0;0;1;0;0;0; 3; 0;0;1; 1;0; 0;0;0; 3;1; 1;0;0;0; 0;0;0; 0;0;0;0;0
2020-04-20; 1;44; 1; 7;1;0; 0;0;1;1; 1;2;1; 2; 0;4; 0;0;3;1;0; 8; 1; 2; 0; 1; 0;0; 7; 4;0;0; 0; 5;3;0;2; 4; 3; 0; 2; 7;0;1;1;4; 0;0;0; 0;6;0; 9;3;1;1;1;0;0;4;1;2; 5;0;2;12;0;4;0;0;1;0;1;0; 3; 8;0;1; 1;0; 3;0;1; 5;1;10;2;0;0; 0;0;0; 0;0;0;0;0
2020-04-21; 3;39; 1; 7;5;2; 4;0;0;2; 4;0;2; 4; 0;3; 2;0;3;0;1; 9; 0; 2; 3; 0; 0;1; 2;10;2;1; 0; 2;5;0;1; 1; 0; 0; 0;14;0;3;0;3; 2;1;0; 0;2;4; 4;0;1;1;0;1;0;6;2;0; 4;0;0; 4;0;0;0;0;4;1;0;0; 1; 2;0;2; 0;0; 2;0;2; 6;0; 4;1;0;1; 0;0;0; 2;0;0;0;0
2020-04-22; 3;46; 1; 2;1;0; 3;0;2;1; 1;6;5; 1; 0;2; 0;0;1;2;1; 7; 1; 1; 2; 1; 0;0; 4;15;3;0; 0; 7;1;0;1; 0; 8; 0; 0;16;1;3;0;2; 2;0;0; 0;1;5; 8;0;0;0;0;0;0;4;3;0; 5;0;1; 6;0;2;0;0;1;1;1;0; 5; 4;2;0; 0;0; 2;0;2; 5;1; 9;2;2;0; 0;1;0; 0;0;0;0;0
2020-04-23; 6;35; 4; 5;1;0; 8;0;0;0; 2;1;8; 6; 2;2; 0;0;3;0;2; 5; 1; 1; 7; 0; 1;1; 4;11;1;0; 0; 6;5;0;0; 3; 7; 0; 1; 3;0;0;3;6; 2;0;0; 0;6;1;12;0;0;0;0;1;0;3;2;0; 2;0;2; 6;1;0;0;0;1;0;1;0; 3; 6;0;0; 1;0; 4;0;4;10;0; 7;1;2;0; 0;0;0; 0;2;0;0;0
2020-04-24; 4;41; 6; 5;2;0; 3;1;1;2; 2;1;1; 2; 1;2; 2;0;4;0;2; 4; 0; 0; 3; 0; 0;1; 0; 5;0;0; 0; 4;1;0;0; 2; 3; 0; 1; 3;0;2;0;4; 1;0;0; 2;1;1; 3;0;3;1;0;0;0;0;1;0; 2;0;1; 5;0;0;0;0;6;0;1;0; 2; 3;0;1; 0;0; 1;0;3; 3;1; 2;0;4;0; 0;0;0; 0;1;0;0;0
2020-04-25; 1;30; 3; 3;2;0; 1;2;0;0; 1;2;4; 1; 2;0; 0;0;0;0;2; 4; 0; 7; 2; 2; 0;0; 1; 1;2;0; 0; 2;1;0;0; 0; 4; 0; 1; 3;1;3;0;0; 3;0;0; 0;2;1; 3;1;0;1;0;0;0;1;0;0; 2;1;0; 9;0;0;1;1;1;0;2;1; 1; 2;0;0; 0;0; 2;0;2; 3;1; 1;2;1;0; 0;0;0; 1;0;0;0;0
2020-04-26; 0;30; 2; 5;0;0; 0;4;0;0;10;1;1; 0; 1;1; 2;0;3;0;3; 2; 0; 0; 0; 0; 0;0; 1; 3;1;0; 0; 2;0;0;0; 0; 2; 0; 0; 3;0;4;1;1; 3;0;1; 1;2;0; 2;0;0;1;0;1;0;2;1;2; 2;0;1; 4;0;0;0;0;0;0;3;0; 1; 0;1;0; 0;0; 2;0;3; 1;0; 0;0;1;0; 0;0;0; 2;0;0;0;0
2020-04-27; 6;44; 2; 6;0;0; 5;0;0;0; 4;2;5;12; 1;3; 1;0;1;0;2; 4; 0; 0; 2; 0; 0;0; 2; 1;0;0; 1; 9;4;0;2; 3; 2; 0; 0; 8;0;0;0;7; 3;0;0; 1;0;3;13;0;0;1;0;0;0;0;6;1; 5;0;3; 4;0;1;1;0;4;0;1;2; 3; 4;0;0; 0;0; 3;0;2; 4;1; 4;3;1;0; 3;0;0; 1;0;0;0;0
2020-04-28; 2;33; 4; 5;0;0; 1;1;1;0; 0;0;2; 2; 0;1; 0;0;1;1;0; 3; 0; 0; 0; 2; 0;0; 2; 5;3;0; 0; 7;1;0;0; 4; 4; 0; 0; 4;0;0;2;3; 2;0;0; 1;2;1; 8;1;0;0;0;0;0;0;0;0; 0;0;1; 6;0;0;0;0;2;0;3;0; 5; 2;0;0; 0;0; 0;0;0; 3;0; 1;0;1;0; 1;2;0; 0;0;0;0;0
2020-04-29; 1;23; 6; 7;1;0; 2;0;0;0; 6;2;0; 2; 1;2; 2;0;3;1;0; 3; 0; 0; 0; 0; 1;3; 2; 3;0;0; 0; 6;0;0;0; 4; 3; 0; 0; 5;1;0;0;2; 3;0;0; 0;2;1;10;0;0;0;0;0;0;1;0;0; 3;0;0; 2;0;0;0;0;1;0;2;1; 2; 3;1;0; 0;0; 2;0;3; 4;0; 0;3;1;0; 1;1;0; 0;0;0;0;0
2020-04-30; 4;36; 5; 4;1;0; 2;1;1;0; 4;2;3; 3; 1;1; 0;0;1;2;1; 3; 0; 1; 0; 0; 0;0; 3; 1;1;0; 0; 5;2;0;1; 1; 2; 0; 0; 1;1;1;0;1; 3;0;1; 0;1;0; 8;2;0;0;0;0;0;1;2;0; 2;2;3; 3;0;0;0;0;0;0;0;1; 5; 5;1;0; 0;0; 1;0;2; 3;0; 1;0;2;0; 1;0;1; 0;0;0;0;0
2020-05-01; 6;27; 5; 3;5;0; 3;0;0;0; 2;2;0; 2; 6;2; 0;0;1;2;1; 0; 1; 1; 1; 0; 1;1; 2; 3;0;0; 0; 4;0;0;0; 3; 1; 2; 0; 7;0;2;0;0; 2;0;0; 0;0;1; 4;1;0;0;0;1;0;0;2;0; 4;1;0; 3;0;1;0;0;1;0;5;1; 2; 1;2;0; 0;0; 2;0;3; 5;0; 3;0;0;0; 1;0;0; 6;0;0;0;0
2020-05-02; 2;16; 6;11;1;0; 0;0;1;0; 8;0;3; 6; 0;2; 0;1;1;0;1; 1; 1; 4; 0; 1; 0;0; 3; 1;1;0; 0; 1;0;0;1; 2; 3; 0; 1; 0;0;0;0;0; 0;0;1; 0;2;1; 8;3;0;0;0;0;0;2;5;0; 2;0;0; 3;0;0;0;0;1;0;0;1; 0; 2;0;0; 0;0; 0;0;1; 1;1; 0;0;1;0; 0;0;0; 1;0;0;0;0
2020-05-03; 0;21; 5; 9;1;0; 3;0;0;0; 2;0;0; 2; 0;0; 0;1;1;0;1; 0; 0; 5; 0; 0; 0;0; 2; 0;0;0; 0; 2;1;0;0; 1; 1; 0; 0; 3;1;1;2;0; 0;0;0; 0;1;0; 0;2;0;0;0;0;0;1;0;0; 0;0;0; 1;0;0;0;0;0;0;0;0; 0; 3;1;0; 0;0; 0;0;0; 0;0; 1;0;1;0; 1;0;0; 1;0;0;0;0
2020-05-04; 2;24; 1; 8;0;0; 1;0;0;0; 5;1;4; 1; 0;2; 0;0;0;0;1; 1; 1; 0; 0; 0; 0;0; 1; 3;1;0; 0; 6;1;0;0; 2; 2; 0; 0; 4;0;4;1;1; 0;0;0; 0;3;0;10;1;0;0;0;2;0;1;0;0; 1;0;0; 0;0;0;0;0;1;0;1;0; 1; 4;0;0; 0;0; 0;0;1; 6;1; 2;0;2;0; 3;0;0; 0;1;0;0;0
2020-05-05; 2;26; 1; 8;4;0; 2;0;0;0; 2;0;0; 4; 0;0; 2;0;2;0;3; 3; 0; 2; 0; 0; 0;0; 5; 3;1;0; 0; 2;1;0;3; 3; 3; 1; 0; 5;0;1;0;1; 2;0;0; 2;1;0;10;1;0;0;0;0;0;1;2;0; 1;0;0; 1;0;0;0;0;0;0;0;1; 2; 3;0;0; 0;1; 1;0;0; 1;0; 0;0;0;0; 2;0;0; 0;0;0;0;0
2020-05-06; 1;30; 3; 6;0;0; 1;0;0;0; 5;0;3; 2; 0;0; 1;0;4;2;1; 1; 1; 0; 0; 0; 0;0; 6; 0;0;0; 0; 0;1;0;1; 1; 1; 0; 0; 5;1;1;3;0; 1;0;0; 0;1;0; 1;1;1;0;0;0;0;0;0;0; 1;0;0; 2;0;0;0;0;0;0;0;0; 4; 5;0;0; 0;0; 2;0;1; 2;0; 0;0;0;0; 2;0;0; 0;0;0;0;0
2020-05-07; 5;20; 3; 4;0;0; 3;0;0;0; 2;1;0; 3; 1;0; 0;1;1;2;2;10; 1; 0; 0; 0; 0;1; 1; 8;0;1; 0; 1;0;0;0; 3; 4; 0; 0; 7;1;1;0;0; 0;0;0; 0;1;0; 3;2;0;0;0;0;1;0;3;0; 3;0;1; 2;0;0;0;0;2;0;0;0; 4; 7;0;0; 0;0; 0;0;2; 3;0; 1;0;0;0; 1;0;0; 0;0;0;0;0
2020-05-08; 3;13; 2; 4;0;0; 1;0;0;1; 2;1;5; 1; 0;1; 0;0;0;0;1; 0; 0; 2; 0; 0; 0;1; 3; 3;0;0; 0; 3;0;0;1; 2; 2; 0; 0; 3;1;0;0;0; 1;0;0; 0;0;0; 3;0;0;0;0;0;0;1;1;0; 1;0;2; 0;0;0;0;0;0;0;0;0; 0; 0;0;0; 0;0; 0;0;0; 3;0; 1;0;0;0; 0;0;0; 0;0;0;0;0
2020-05-09; 2;13; 0; 3;0;0; 4;0;0;0; 2;0;1; 1; 0;0; 0;0;1;2;0; 3; 0; 0; 0; 0; 0;0; 1; 1;0;0; 0; 2;1;0;0; 4; 1; 1; 0; 1;0;1;0;0; 0;0;0; 1;2;0; 0;0;0;0;0;0;0;0;0;0; 1;0;0; 0;0;0;0;0;0;0;1;0; 3; 2;0;0; 0;0; 0;0;4; 0;0; 1;0;0;0; 3;0;0; 0;0;0;0;0
2020-05-10; 3;11; 1; 3;0;0; 3;0;1;0; 1;2;0; 2; 4;0; 0;0;1;3;0; 0; 1; 2; 0; 0; 1;0; 2; 0;0;0; 0; 1;0;0;0; 3; 0; 0; 0; 0;1;1;0;0; 0;0;0; 0;0;0; 0;1;0;0;0;0;0;0;0;0; 2;0;0; 1;0;0;0;0;1;0;0;0; 1; 1;0;0; 0;0; 0;0;1; 0;0; 1;0;1;0; 0;0;0; 0;0;0;0;0
2020-05-11; 0;12; 0; 3;0;0; 2;0;0;0; 4;1;3; 1; 0;0; 0;0;3;1;0; 1; 1; 6; 0; 0; 3;0; 0; 2;0;0; 0; 1;1;0;1; 1; 0; 1; 1; 1;1;2;1;0; 0;0;0; 1;2;0; 1;0;2;1;0;0;0;0;1;1; 4;0;2; 1;0;0;0;0;0;0;0;0; 4; 0;0;0; 0;0; 0;0;1; 0;0; 1;0;0;0; 2;0;0; 0;0;0;0;0
2020-05-12; 5;11; 0; 4;0;0; 1;0;0;0; 5;0;1; 0; 0;0; 0;0;0;0;1; 0; 0; 2; 0; 0; 4;0; 0; 3;1;1; 0; 1;0;0;1; 0; 1; 1; 0; 0;0;2;1;0; 1;0;0; 0;1;0; 0;0;0;0;0;0;0;0;0;0; 1;0;0; 0;0;0;0;0;0;0;0;0; 0; 1;0;0; 0;0; 0;0;2; 1;0; 0;1;0;0; 0;0;0; 0;0;0;2;0
2020-05-13; 0;10; 1; 2;0;0; 3;0;1;0; 3;1;1; 2; 0;0; 0;0;1;2;0; 2; 0; 4; 0; 0; 2;0; 1; 2;0;0; 0; 1;2;0;1; 0; 0; 1; 0; 4;0;3;0;0; 0;0;0; 0;1;0; 2;0;0;0;0;0;0;0;1;0; 2;0;0; 2;0;0;0;0;1;0;0;0; 0; 0;0;0; 0;0; 1;0;2; 1;0; 1;0;0;0; 0;0;1; 0;0;0;0;0
2020-05-14; 2;10; 2; 2;3;0; 0;0;0;0; 3;1;2; 1; 0;2; 0;0;0;0;0; 1; 1; 3; 1; 0; 3;0; 0; 1;0;1; 0; 0;1;0;0; 3; 0; 0; 1; 3;0;1;0;0; 0;0;0; 0;0;0; 1;2;0;0;0;0;0;0;2;0; 2;0;0; 0;0;0;0;0;0;0;0;0; 1; 2;0;0; 0;0; 0;0;1; 1;0; 1;0;0;0; 0;0;0; 0;0;0;0;0
2020-05-15; 2;19; 1; 1;2;0; 0;0;0;0; 3;2;3; 1; 1;0; 0;0;1;0;0; 1; 2; 8; 2; 0; 2;0; 1; 1;1;0; 0; 3;1;0;0; 0; 0; 0; 0; 0;0;2;0;0; 0;0;0; 0;1;0; 2;0;0;0;0;0;0;0;0;0; 9;0;0; 1;0;0;0;0;2;0;0;0; 4; 3;0;0; 0;0; 1;0;3; 0;0; 3;0;0;0; 0;0;0; 0;0;0;0;0
2020-05-16; 1; 8; 4; 0;1;0; 0;1;0;0; 0;0;0; 1; 0;0; 0;0;0;2;0; 0; 1; 0; 0; 0; 0;0; 0; 1;0;0; 0; 0;1;0;0; 0; 0; 1; 0; 1;0;0;0;0; 0;0;0; 0;0;0; 0;0;0;1;0;0;0;0;2;0; 3;0;0; 0;0;0;0;0;0;0;0;0; 0; 2;0;0; 0;0; 0;0;0; 0;0; 1;0;0;0; 1;0;0; 0;1;0;0;0
2020-05-17; 1;13; 2; 0;0;0; 0;0;0;0; 1;2;0; 0; 0;1; 1;1;0;3;0; 1; 0; 1; 0; 0; 1;0; 0; 1;0;0; 0; 2;0;0;0; 1; 1; 0; 0; 1;0;1;0;0; 0;0;0; 0;0;1; 3;0;0;0;0;0;0;1;0;0; 2;0;0; 2;0;0;0;0;0;0;0;0; 1; 0;0;0; 0;0; 0;0;3; 0;0; 0;0;0;0; 1;0;0; 0;1;0;0;0
2020-05-18; 2;26; 3; 0;0;0; 1;1;0;0; 1;4;2; 2; 0;0; 1;0;0;1;0; 1; 0; 6; 0; 0; 1;1; 2; 2;0;0; 0; 0;0;0;0; 1; 0; 0; 0; 1;0;1;0;0; 0;0;0; 0;3;0; 0;0;0;0;0;0;0;0;1;0; 1;0;1; 0;0;0;0;0;0;0;0;0; 2; 2;0;0; 0;0; 1;0;3; 0;0; 0;0;2;0; 0;1;1; 1;0;0;0;0
2020-05-19; 2;16; 1; 3;1;0; 1;0;0;0; 3;2;1; 2; 1;1; 1;0;1;2;0; 0; 0; 2; 2; 0; 0;0; 1; 1;0;0; 0; 1;1;0;0; 0; 1; 1; 0; 1;0;0;0;0; 1;1;0; 0;0;0; 0;0;0;0;0;0;0;1;1;0; 2;0;0; 0;0;0;0;0;1;0;0;0; 1; 2;0;0; 0;0; 0;0;1; 0;0; 0;0;0;0; 0;0;0; 0;0;0;0;0
2020-05-20; 3;10; 0; 3;1;0; 0;1;1;0; 8;3;2; 1; 0;0; 0;0;2;4;0; 1; 0; 2; 0; 0; 1;0; 1; 0;0;0; 0; 0;2;0;1; 0; 0; 0; 0; 3;1;1;0;0; 1;0;0; 0;1;0; 1;0;0;0;0;0;0;0;0;0; 1;1;0; 0;0;0;0;0;0;0;0;0; 0; 3;0;0; 0;0; 1;1;4; 1;0; 1;0;0;0; 1;0;0; 0;0;0;0;0
2020-05-21; 1;10; 1; 0;0;0; 0;0;0;0; 4;1;1; 2; 1;0; 0;0;0;0;0; 0; 0; 0; 0; 0; 0;0; 2; 0;0;0; 0; 0;0;0;1; 0; 0; 0; 0; 0;0;1;0;0; 0;0;0; 0;1;0; 0;0;0;0;0;0;0;0;0;0; 0;0;0; 0;0;0;0;0;1;0;0;0; 0; 0;0;0; 0;0; 0;0;1; 1;0; 2;0;0;0; 0;0;0; 0;0;0;0;0
2020-05-22; 4;11; 0; 0;0;0; 1;0;0;0; 1;4;0; 2; 2;2; 0;0;1;1;0; 1; 0; 3; 0; 0; 1;0; 1; 1;2;0; 0; 1;1;0;0; 0; 0; 0; 0; 6;0;0;0;0; 0;0;0; 0;0;0; 2;0;0;0;0;0;0;0;0;0; 0;0;4; 2;0;0;0;0;0;0;0;0; 2; 5;0;0; 0;0; 3;0;1; 3;0; 0;0;0;0; 2;0;1; 0;0;0;0;0
2020-05-23; 1; 6; 0; 1;0;0; 1;0;0;0; 6;0;0; 1; 0;0; 0;0;2;1;0; 0; 0; 0; 1; 0; 0;0; 2; 0;0;0; 0; 1;0;0;0; 0; 0; 0; 0; 1;0;1;0;0; 0;0;0; 0;0;0; 1;0;0;0;0;0;0;0;0;0; 1;0;3; 0;0;0;1;0;0;0;0;0; 2; 0;0;0; 0;0; 0;0;1; 1;0; 0;0;0;0; 0;0;0; 0;0;0;0;0
2020-05-24; 1; 7; 0; 0;0;0; 0;0;0;0; 2;1;2; 0; 0;0; 0;0;3;0;0; 1; 0; 0; 0; 0; 0;0; 1; 0;0;0; 0; 2;1;0;1; 0; 0; 0; 0; 1;0;1;0;0; 2;0;0; 0;1;0; 1;0;0;0;0;0;0;0;0;0; 2;0;0; 0;1;0;0;0;0;0;0;0; 0; 2;0;0; 0;0; 0;0;1; 0;0; 0;0;0;0; 0;0;0; 0;0;0;0;0
2020-05-25; 0; 5; 1; 0;0;0; 1;1;0;0; 9;3;1; 1; 0;2; 0;0;4;0;0; 0; 1; 0; 0; 0; 0;1; 0; 0;0;0; 0; 2;1;0;2; 1; 0; 0; 0; 1;0;1;0;0; 1;0;0; 0;0;0; 1;0;0;0;0;0;0;0;0;0; 1;0;1; 0;0;0;0;0;0;0;0;0; 1; 1;0;0; 0;0; 0;0;3; 4;0; 0;0;0;0; 0;0;0; 1;0;0;0;0
2020-05-26; 0;21; 2; 0;0;0; 2;0;0;0; 3;0;2; 1; 0;2; 0;0;0;0;1; 1; 1; 0; 0; 0; 0;0; 0; 0;1;2; 0; 4;0;0;1; 1; 0; 0; 0; 2;0;1;0;0; 0;0;0; 0;0;0; 2;0;0;0;0;0;1;0;0;0; 3;1;1; 0;0;0;0;0;0;0;0;0; 0; 1;0;0; 0;0; 0;0;2; 0;0; 1;0;0;0; 0;0;0; 1;0;0;0;1
2020-05-27; 1; 6; 1; 1;0;0; 0;1;0;1; 2;4;0; 0; 0;3; 0;0;2;0;0; 0; 0; 0; 0; 0; 0;0; 0; 1;0;0; 0; 2;1;0;3; 0; 0; 0; 0; 0;0;2;0;0; 0;0;0; 0;0;0; 1;0;0;0;0;0;0;0;0;0; 4;0;1; 0;0;0;0;1;0;0;0;0; 0; 2;0;0; 0;0; 0;0;0; 9;0; 1;0;0;0; 2;0;0; 0;0;0;0;0
2020-05-28; 1; 7; 0; 0;0;0; 0;0;1;0; 3;4;0; 1; 0;1; 0;0;1;1;0; 0; 0; 1; 0; 0; 0;0; 0; 0;0;0; 0; 1;0;0;1; 0; 0; 0; 0; 1;0;1;1;0; 0;0;0; 0;0;0; 2;0;0;0;0;0;0;0;0;0; 2;0;0; 0;1;0;0;0;1;0;0;0; 0; 4;0;0; 0;0; 0;0;0; 1;0; 0;0;0;0; 0;0;0; 0;0;0;0;0
2020-05-29; 2; 6; 0; 0;0;0; 1;4;0;0; 7;0;0; 1; 0;0; 0;0;3;0;0; 0; 0; 2; 0; 0; 0;0; 0; 1;0;0; 1; 1;0;0;0; 0; 0; 0; 0; 0;0;1;0;0; 0;0;0; 0;1;0; 2;0;0;0;0;0;0;0;1;0; 1;0;0; 0;0;0;0;0;0;0;0;0; 0; 0;0;0; 0;0; 0;0;2; 4;0; 0;1;0;0; 0;0;0; 0;0;0;0;0
2020-05-30; 0; 7; 0; 1;0;0; 0;4;1;0; 0;1;1; 1; 0;2; 0;0;1;1;0; 0; 0; 1; 0; 0; 0;0; 1; 0;0;0; 0; 0;0;0;2; 1; 0; 0; 0; 0;0;0;0;2; 0;0;0; 0;0;0; 2;0;0;0;0;0;0;0;0;0; 0;0;0; 0;0;0;0;0;0;0;0;0; 1; 1;0;0; 0;0; 0;0;0; 2;0; 0;0;0;0; 0;0;0; 0;0;0;0;0
2020-05-31; 1; 8; 0; 0;0;0; 0;2;0;0; 2;0;0; 0; 0;0; 0;0;1;0;0; 0; 0; 0; 0; 0; 0;0; 0; 1;1;0; 0; 0;0;0;0; 0; 0; 0; 0; 0;0;1;0;0; 2;0;0; 0;0;0; 0;0;0;0;0;0;0;0;0;0; 0;0;0; 0;0;0;0;0;1;0;0;0; 0; 0;0;0; 0;0; 0;0;1; 1;0; 0;0;0;0; 0;0;0; 0;0;0;0;0
2020-06-01; 0; 6; 0; 2;0;0; 0;1;0;0; 0;0;2; 0; 0;0; 0;0;0;1;2; 0; 0; 2; 1; 0; 0;0; 0; 1;0;0; 0; 0;0;0;1; 1; 0; 0; 0; 1;0;1;1;0; 0;0;0; 1;2;0; 0;0;0;0;0;0;0;0;0;0; 2;0;1; 0;0;0;1;0;2;0;0;0; 0; 0;0;0; 0;0; 0;0;1; 1;0; 0;0;0;0; 1;0;0; 0;0;0;0;0
2020-06-02; 1; 5; 3; 1;0;0; 0;4;0;0; 4;2;0; 0; 0;1; 0;0;1;0;0; 0; 0; 4; 0; 0; 0;0; 1; 1;0;0; 0; 0;0;0;0; 3; 0; 0; 0; 0;0;3;3;0; 1;0;0; 0;0;0; 2;0;0;0;0;0;0;0;0;0; 4;0;0; 0;0;0;0;0;2;0;0;0; 1; 3;0;0; 0;0; 0;0;1; 2;0; 0;1;0;0; 1;0;0; 0;0;0;0;0
2020-06-03; 1;10; 0; 0;0;0; 1;6;0;0; 1;0;0; 0; 0;1; 0;0;2;2;3; 1; 0; 0; 0; 0; 0;0; 1; 0;0;0; 1; 1;0;0;0; 3; 0; 0; 0; 0;0;2;1;0; 1;0;0; 0;0;0; 3;0;0;0;0;0;0;0;0;0; 1;0;1; 0;0;0;0;0;1;0;0;0; 1; 1;0;0; 0;0; 0;0;1; 6;0; 0;0;0;0; 0;0;0; 0;0;0;0;0
2020-06-04; 1; 7; 5; 1;0;0; 0;1;0;0; 3;0;0; 0; 0;0; 0;0;1;0;0; 0; 1; 2; 0; 0; 1;0; 2; 0;0;0; 0; 0;0;0;0; 3; 0; 0; 0; 0;0;1;1;0; 0;0;0; 0;1;0; 2;0;0;0;0;0;0;0;0;0; 4;0;1; 0;0;0;0;0;0;0;0;0; 1; 0;0;0; 0;0; 0;0;1; 2;0; 0;0;0;0; 0;0;0; 0;0;0;0;0
2020-06-05; 0; 7; 0; 1;0;0; 0;2;0;0; 0;2;0; 0; 0;0; 1;0;1;1;1; 0; 0; 1; 0; 0; 0;0; 1; 0;0;0; 0; 2;0;0;1; 6; 0; 0; 0; 0;0;1;0;0; 1;0;0; 0;1;0; 0;0;0;0;0;0;0;0;0;0; 2;0;0; 0;0;0;0;0;0;0;0;0; 0; 0;0;0; 0;0; 0;0;2; 0;0; 0;0;0;0; 0;0;0; 0;0;0;0;0
2020-06-06; 1; 2; 0; 0;0;0; 1;0;0;0; 0;2;0; 0; 0;0; 1;1;0;0;0; 0; 0; 0; 0; 0; 0;0; 0; 1;0;0; 0; 0;0;0;0; 4; 0; 0; 0; 0;0;1;0;0; 0;0;0; 0;0;0; 0;0;0;0;0;0;0;0;0;0; 0;0;0; 0;0;0;0;0;0;0;0;0; 0; 0;0;0; 0;0; 0;0;1; 0;0; 0;0;0;0; 0;0;0; 0;0;0;0;0
2020-06-07; 0; 5; 0; 0;0;0; 2;0;0;0; 0;1;0; 0; 0;0; 0;0;0;1;0; 0; 0; 0; 0; 0; 0;0; 1; 0;0;0; 0; 0;0;0;0; 1; 0; 0; 0; 0;0;0;0;0; 1;0;0; 0;0;0; 0;0;0;0;0;0;0;0;0;0; 2;0;0; 0;0;0;0;0;0;0;0;0; 0; 0;0;0; 0;0; 0;0;0; 0;0; 0;0;0;0; 0;0;0; 0;0;0;0;0
2020-06-08; 0; 5; 2; 4;0;0; 1;0;0;0; 1;1;0; 0; 0;0; 0;0;1;0;0; 0; 0; 6; 0; 0; 0;0; 0; 1;0;1; 0; 3;0;0;0; 1; 0; 1; 0; 0;1;2;0;0; 3;0;0; 0;0;1; 0;0;0;0;0;0;0;0;0;0; 2;0;2; 0;0;0;0;0;0;0;0;0; 0; 3;0;0; 0;0; 0;0;0; 0;0; 0;0;0;0; 0;0;0; 0;1;0;0;0
2020-06-09; 0; 8; 0; 1;0;0; 0;0;1;0; 0;0;0; 0; 0;0; 0;0;1;0;2; 0; 0; 2; 0; 0; 0;0; 0; 0;0;0; 0; 0;0;0;1; 0; 1; 0; 0; 1;0;0;1;0; 1;0;0; 0;0;0; 0;0;1;0;0;0;0;0;0;0; 1;0;1; 0;0;0;0;0;0;0;0;0; 0; 2;0;0; 0;0; 1;0;0; 0;0; 1;1;0;0; 0;0;0; 0;0;0;0;0
2020-06-10; 1; 9; 0; 1;0;0; 0;1;0;0; 1;0;0; 2; 0;1; 0;0;0;0;2; 0; 0; 1; 1; 0; 0;0; 1; 0;0;0; 0; 1;0;0;0; 1; 0; 8; 0; 1;0;0;0;0; 0;0;0; 0;0;1; 0;0;0;0;0;0;0;0;0;0; 1;1;0; 0;0;0;0;0;0;0;0;0; 0; 0;0;0; 0;0; 1;0;0; 1;0; 0;0;0;0; 1;0;0; 0;0;0;0;0
2020-06-11; 5;11; 1; 0;0;0; 0;0;0;0; 1;0;4; 0; 0;0; 0;0;4;0;0; 0; 0; 0; 0; 0; 0;0; 1; 1;0;0; 0; 0;0;0;2; 2; 0; 2; 0; 2;0;3;0;0; 2;0;0; 0;0;0; 0;0;1;0;0;0;0;0;0;0; 0;0;0; 0;0;0;0;0;0;0;0;0; 0; 1;0;0; 0;0; 1;0;1; 0;0; 0;2;0;0; 0;0;0; 0;0;0;0;0
2020-06-12; 0; 7; 1; 0;0;0; 0;1;0;0; 1;1;0; 1; 0;0; 0;0;4;0;1; 0; 0; 0; 0; 0; 0;0; 0; 0;0;0; 0; 0;0;1;2; 1; 0;22; 0; 2;0;0;1;0; 0;0;0; 0;0;1; 0;0;0;0;2;0;0;0;0;0; 2;3;3; 0;0;0;0;0;0;0;0;0; 3; 0;0;0; 0;0; 0;0;0; 0;0; 0;0;0;0; 0;0;0; 0;0;0;0;0
2020-06-13; 0; 2; 0; 1;1;0; 0;1;0;0; 1;1;0; 1; 0;0; 0;0;3;0;0; 0; 0; 0; 0; 1; 0;0; 0; 1;1;0; 0; 0;0;0;0; 5; 0; 0; 0; 0;0;0;0;0; 1;0;0; 0;1;1; 0;0;2;0;0;0;0;0;0;0; 1;0;0; 0;0;0;0;0;0;0;0;0; 0; 0;0;0; 0;0; 1;0;1; 0;0; 0;0;0;0; 0;0;0; 0;0;0;0;0
2020-06-14; 0; 3; 0; 1;0;0; 0;0;0;0; 0;0;0; 0; 0;0; 0;0;0;0;0; 1; 0; 0; 0; 0; 0;0; 0; 0;1;0; 0; 0;0;0;0; 0; 0; 5; 0; 0;0;0;0;0; 0;0;0; 0;0;0; 0;0;0;0;0;0;0;0;0;0; 2;3;0; 0;0;0;0;0;0;0;1;0; 0; 2;0;0; 0;0; 0;0;0; 0;0; 0;1;0;0; 0;0;0; 0;0;0;0;0
2020-06-15; 2; 8; 0; 1;0;0; 0;0;0;0; 5;1;1; 0; 0;0; 0;0;3;1;1; 0; 0; 0; 0; 0; 0;0; 1; 0;0;0; 0; 0;0;0;0; 2; 0; 2; 1; 1;0;1;0;0; 1;0;0; 0;0;0; 0;0;0;0;0;0;0;0;0;0; 1;1;1; 0;0;0;0;0;0;0;0;0; 0; 2;0;0; 0;0; 2;0;0; 0;0; 0;0;0;0; 0;0;0; 0;0;0;0;0
2020-06-16; 0; 6; 3; 0;0;0; 1;0;0;0; 5;1;1; 1; 0;0; 0;0;1;0;1; 1; 1; 0; 0; 0; 0;0; 1; 2;2;0; 0; 0;0;0;0; 1; 0; 7; 0; 0;0;2;0;0; 1;0;0; 0;0;0; 0;0;0;0;0;0;0;0;0;0; 0;0;1; 0;0;0;0;0;0;0;0;0; 0; 3;0;0; 0;0; 1;0;0; 0;0; 0;0;1;0; 0;1;0; 0;0;0;0;0
2020-06-17; 1; 8; 0; 6;0;0; 3;3;0;0; 1;1;1; 0; 1;0; 0;0;1;1;1; 0; 0; 0; 0; 0; 0;0; 2; 2;0;0; 1; 2;0;0;0; 0; 0;12; 1; 0;2;7;0;0; 2;0;0; 0;2;1; 0;0;0;0;0;0;0;1;0;0; 1;1;0; 0;0;0;0;0;0;1;0;0; 2; 2;0;0; 0;0; 1;1;0; 0;0; 1;0;0;0; 0;0;0; 1;0;0;0;0
2020-06-18; 2; 9; 0; 1;0;0; 3;1;0;0;10;1;1; 0; 1;0; 0;0;2;4;0; 0; 0; 0; 0; 0; 1;0; 0; 0;0;0; 0; 0;1;0;0; 0; 0; 1; 0; 0;0;1;0;0; 2;0;0; 0;0;1; 0;0;0;0;0;0;0;0;0;0; 1;0;0; 0;0;0;0;0;0;0;0;0; 0; 0;0;0; 0;0; 1;0;0; 0;0; 0;0;0;0; 1;0;0; 0;0;0;0;0
2020-06-19; 0; 7; 2; 0;0;0; 1;0;1;0; 0;0;1; 0; 0;1; 0;0;0;1;2; 0; 0; 0; 0; 0; 0;0; 0; 1;1;0; 0; 0;3;0;0; 1; 0; 1; 0; 3;0;7;0;1; 1;0;0; 0;0;0; 1;0;0;0;0;0;0;0;0;0; 0;0;0; 0;0;0;0;0;0;0;0;0; 1; 1;0;0; 0;0; 0;0;0; 3;0; 0;1;0;0; 0;0;0; 0;0;0;0;0
2020-06-20; 1; 8; 2; 1;0;0; 3;0;0;0; 3;1;3; 1; 0;0; 0;0;1;2;0; 0; 0; 0; 0; 0; 0;0; 1; 0;1;0; 0; 0;0;0;1; 1; 0; 1; 0; 0;0;1;0;0; 3;0;0; 0;0;0; 0;0;0;0;0;0;0;0;0;0; 0;0;0; 0;0;0;0;0;0;0;0;0; 0; 1;0;0; 0;0; 0;0;1; 0;0; 0;0;0;0; 0;0;0; 1;0;0;0;0
2020-06-21; 0;13; 1; 2;0;0; 0;0;0;0; 1;0;0; 0; 1;0; 0;0;1;0;0; 1; 0; 0; 0; 0; 1;0; 1; 0;0;0; 0; 0;0;0;0; 0; 0; 0; 0; 1;0;0;0;0; 1;0;0; 0;0;0; 0;0;0;0;0;0;0;0;0;0; 0;2;0; 0;0;0;0;0;0;0;0;0; 0; 0;0;0; 0;0; 1;0;0; 2;0; 1;1;0;0; 0;0;0; 0;0;0;0;0
2020-06-22; 0;12; 0; 2;0;0; 0;0;0;0; 0;3;1; 0; 0;2; 0;0;1;2;0; 0; 0; 0; 0; 0; 0;0; 0; 1;0;0; 0; 1;0;0;0; 1; 0; 2; 1; 1;0;2;0;0; 1;0;0; 0;1;0; 0;0;0;0;0;0;0;0;0;0; 0;1;0; 0;0;0;0;0;0;0;0;0; 1; 4;0;0; 0;0; 2;0;0; 0;0; 3;0;0;0; 0;0;0; 0;0;0;0;0
2020-06-23; 0; 3; 3; 0;0;0; 0;0;0;0; 2;0;1; 0; 1;0; 0;0;0;0;0; 0; 0; 0; 0; 0; 0;0; 1; 0;0;0; 0; 0;0;0;0; 0; 0; 1; 0; 0;0;0;1;0; 0;0;1; 0;0;0; 0;0;0;0;0;1;0;0;0;0; 0;0;0; 0;0;0;0;0;0;0;0;0; 0; 1;2;0; 0;0; 0;0;0; 0;0; 0;0;1;0; 0;0;0; 0;0;0;0;0
2020-06-24; 0; 3; 2; 2;0;0; 1;0;0;0; 1;1;0; 0; 2;1; 0;0;1;0;1; 0; 0; 1; 1; 0; 0;0; 1; 0;1;0; 0; 1;2;0;0; 0; 0; 1; 0; 1;0;0;0;0; 0;0;2; 0;0;0; 1;0;0;1;0;0;0;0;0;0; 0;3;0; 0;0;1;0;0;0;1;0;7; 0; 0;2;0; 0;0; 1;0;1; 0;0; 0;0;0;1; 0;0;0; 0;0;0;0;0
2020-06-25; 0; 8; 1; 0;0;0; 1;0;0;0; 0;0;1; 0; 1;0; 0;0;1;0;0; 1; 0; 0; 1; 0; 0;0; 1; 1;0;0; 0; 1;0;0;0; 0; 0; 2; 0; 2;0;0;0;0; 0;0;1; 2;0;0; 0;0;0;0;0;0;0;0;0;0; 0;0;0; 1;0;0;0;0;0;0;0;0; 0; 1;0;0; 2;0; 1;0;0; 0;0; 0;0;0;0; 0;0;0; 0;0;0;0;0
2020-06-26; 1; 2; 1; 1;0;0; 1;0;0;0; 0;1;0; 0; 0;0; 0;0;0;0;0; 0; 0; 1; 0; 1; 0;0; 1; 0;1;0; 0; 1;0;0;0; 0; 0; 0; 0; 0;0;0;0;0; 0;0;0; 1;1;0; 0;0;0;0;0;0;0;0;0;0; 0;0;0; 0;0;0;0;0;0;1;0;1; 1; 0;0;0; 0;0; 0;0;1; 1;0; 1;0;0;0; 0;0;0; 0;0;0;0;0
2020-06-27; 0; 3; 1; 0;0;0; 0;0;0;0; 0;0;0; 0; 1;0; 0;0;0;0;0; 0; 0; 0; 0; 0; 0;0; 0; 0;0;0; 0; 0;0;0;0; 0; 0; 0; 0; 0;0;0;0;0; 0;0;0; 1;0;0; 0;0;0;0;1;0;0;0;0;0; 0;0;1; 0;0;0;0;0;0;2;0;5; 0; 0;1;0; 0;0; 0;0;0; 0;0; 0;2;0;0; 0;0;0; 0;0;0;0;0
2020-06-28; 0; 3; 4; 0;0;0; 0;0;0;0; 0;0;0; 0; 1;0; 0;0;0;0;0; 0; 1; 0; 0; 0; 0;0; 0; 0;0;0; 0; 0;0;0;0; 0; 0; 0; 0; 0;0;0;0;0; 0;0;0; 0;1;0; 0;0;0;0;0;0;0;0;0;0; 0;0;0; 0;0;0;0;0;0;0;0;0; 0; 0;0;0; 0;0; 0;0;0; 0;0; 1;0;0;0; 0;0;0; 0;0;0;0;0
2020-06-29; 0; 8; 0; 1;0;0; 0;0;0;0; 0;2;1; 0; 0;0; 0;0;0;0;0; 0; 1; 0; 0; 0; 0;0; 1; 0;0;0; 0; 1;0;0;0; 1; 0; 0; 0; 1;0;0;0;0; 0;0;0; 0;0;0; 0;0;2;1;0;0;0;0;0;0; 1;1;0; 0;0;0;0;0;0;0;1;1; 0; 0;0;0; 0;0; 1;0;1; 0;0; 0;1;0;0; 0;0;0; 0;0;0;0;0
2020-06-30; 1; 3; 1; 1;0;0; 0;0;0;0; 0;0;0; 0; 3;0; 0;0;0;1;0; 0; 1; 0; 0; 0; 0;0; 1; 0;0;0; 0; 1;2;0;0; 0; 0; 1; 1; 0;0;0;0;0; 0;0;0; 0;0;0; 0;0;0;0;0;0;0;0;1;0; 1;2;0; 0;0;0;0;0;0;0;0;0; 0; 0;0;0; 0;0; 1;0;0; 1;0; 0;0;0;0; 0;0;0; 0;0;0;0;0
2020-07-01; 0; 1; 1; 0;0;0; 1;0;0;0; 0;0;0; 0; 1;0; 0;0;0;0;0; 0; 0; 0; 0; 1; 0;0; 0; 0;0;0; 0; 0;0;0;1; 0; 0; 1; 0; 0;0;0;0;0; 0;0;0; 0;0;0; 0;0;0;0;0;0;0;0;0;0; 0;0;0; 0;0;0;0;0;0;0;0;0; 0; 0;0;0; 0;0; 2;0;0; 0;0; 1;0;0;0; 0;0;0; 0;0;0;0;0
2020-07-02; 0; 7; 0; 2;0;0; 0;0;0;0; 1;0;1; 0; 0;0; 0;0;0;0;0; 0; 0; 0; 0; 0; 0;0; 0; 0;0;0; 0; 0;0;0;0; 0; 0; 0; 0; 0;1;0;0;0; 0;0;0; 1;0;0; 0;0;0;0;0;0;0;0;0;0; 1;0;0; 0;0;0;0;0;0;0;0;0; 0; 0;0;0; 0;0; 1;0;0; 0;0; 0;0;0;0; 0;0;0; 0;0;0;0;0
2020-07-03; 0; 4; 2; 0;0;0; 2;0;0;0; 0;1;0; 0; 3;0; 0;0;0;0;0; 0; 0; 0; 0; 0; 0;0; 1; 0;0;0; 0; 0;0;0;1; 0; 0; 1; 0; 1;0;0;0;0; 0;0;0; 0;1;0; 0;0;0;0;0;0;0;0;0;0; 0;0;0; 0;0;1;0;0;0;0;0;0; 0; 0;0;0; 0;0; 0;0;0; 0;0; 0;0;0;0; 0;0;0; 0;0;0;0;0
2020-07-04; 0; 5; 0; 0;0;0; 1;0;0;0; 1;0;0; 0; 0;0; 0;0;0;0;0; 0; 0; 2; 0; 0; 0;0; 0; 0;0;0; 0; 0;0;0;1; 0; 0; 1; 0; 0;0;0;0;0; 0;0;0; 0;0;0; 0;0;0;0;0;0;0;0;0;0; 1;0;0; 0;0;0;0;0;0;0;0;0; 0; 0;0;0; 0;0; 0;0;1; 0;0; 0;0;0;0; 0;0;0; 0;0;0;0;0
2020-07-05; 0; 6; 0; 0;0;0; 1;0;0;0; 0;1;0; 0; 0;0; 0;0;0;0;0; 0; 1; 0; 0; 0; 0;0; 0; 0;0;0; 0; 0;0;0;0; 0; 0; 0; 1; 0;0;0;0;0; 0;0;0; 0;0;0; 0;0;0;0;0;0;0;0;0;0; 0;0;0; 0;0;0;0;0;0;0;0;0; 0; 0;0;0; 0;0; 0;0;0; 0;0; 0;0;0;0; 0;0;0; 1;0;0;0;0
2020-07-06; 0; 2; 0; 2;0;0; 0;1;0;0; 0;0;0; 0; 0;0; 0;0;0;0;0; 0; 0; 0; 0; 0; 0;0; 0; 0;0;0; 0; 0;0;0;0; 0; 0; 0; 0; 0;0;0;0;0; 0;0;0; 0;0;0; 0;0;0;0;0;0;0;0;0;1; 0;0;0; 0;0;1;0;0;0;0;0;0; 0; 1;1;0; 0;0; 0;0;0; 0;0; 0;0;0;0; 0;0;0; 0;0;0;0;0
2020-07-07; 0; 5; 0; 0;0;0; 0;0;0;0; 0;0;0; 0; 1;0; 0;0;0;0;0; 0; 0; 0; 0; 0; 1;0; 0; 0;0;0; 0; 0;0;0;0; 0; 0; 0; 1; 2;0;0;0;0; 0;0;0; 0;0;0; 0;0;0;0;0;0;0;0;0;0; 2;0;0; 0;0;1;0;0;0;0;0;0; 0; 0;0;0; 0;0; 0;0;0; 0;0; 0;0;0;0; 0;0;0; 0;0;0;0;0
2020-07-08; 0;13; 1; 2;0;0; 0;0;0;0; 1;0;0; 0; 0;0; 0;0;0;0;0; 0; 0; 0; 0; 0; 0;1; 0; 0;0;0; 0; 0;0;0;0; 0; 0; 0; 0; 1;0;1;0;0; 0;0;0; 0;1;0; 0;0;0;0;0;0;0;0;0;0; 0;0;0; 0;0;2;0;0;1;0;0;1; 0; 1;0;0; 0;0; 0;0;0; 0;0; 0;0;0;0; 0;0;0; 0;0;0;0;0
2020-07-09; 1; 9; 0; 0;0;0; 0;0;1;0; 1;0;0; 0; 3;0; 0;0;1;1;1; 0; 0; 0; 0; 1; 0;0; 0; 0;1;0; 0; 1;0;0;1; 0; 0; 0; 2; 1;0;3;0;0; 0;0;0; 1;1;0; 1;0;0;0;0;0;0;0;1;0; 3;0;0; 0;0;1;0;0;0;2;0;0; 0; 0;0;0; 0;0; 0;0;1; 1;0; 0;0;0;0; 1;0;0; 0;0;0;0;0
2020-07-10; 0;15; 0; 0;0;0; 1;0;0;0; 0;0;0; 0; 1;0; 0;0;0;0;0; 0; 0; 0; 0; 0; 0;2; 0; 0;0;0; 0; 0;0;0;0; 1; 0; 0; 0; 1;1;3;0;0; 0;0;0; 0;1;0; 0;0;1;1;0;0;0;0;0;0; 0;0;0; 0;0;2;0;0;0;0;0;0; 0; 1;0;0; 0;0; 1;0;1; 0;0; 0;0;0;0; 0;0;0; 0;0;0;0;0
2020-07-11; 0;16; 0; 1;0;0; 0;0;0;0; 1;1;0; 1; 0;0; 1;0;0;0;0; 1; 0; 0; 0; 0; 0;0; 0; 0;0;0; 0; 0;0;0;0; 0; 0; 0; 0; 1;0;0;0;0; 0;0;0; 0;0;0; 0;0;0;0;0;1;0;0;0;0; 0;0;0; 0;0;0;0;0;0;0;0;0; 0; 0;0;0; 0;0; 0;0;0; 0;0; 0;0;0;0; 0;0;0; 0;0;0;0;0
2020-07-12; 0; 2; 0; 1;0;0; 0;0;0;0; 0;4;1; 0; 0;0; 0;0;0;0;0; 0; 0; 0; 0; 0; 0;0; 0; 0;0;0; 0; 0;0;0;0; 0; 0; 0; 0; 0;0;0;0;0; 0;0;0; 0;2;0; 1;0;0;0;0;0;0;1;4;0; 0;0;0; 0;0;1;0;0;0;0;0;0; 0; 1;1;0; 0;0; 2;0;1; 0;0; 0;0;0;0; 0;0;0; 0;0;0;0;0
2020-07-13; 1; 6; 5; 2;2;0; 0;1;0;0; 0;0;0; 0; 0;1; 0;0;0;0;1; 3; 0; 0; 0; 0; 0;0; 0; 0;0;0; 0; 0;0;0;0; 1; 0; 0; 0; 0;2;0;0;1; 1;0;2; 0;1;0; 0;0;0;0;0;0;0;0;0;0; 1;0;0; 0;0;0;1;0;0;0;0;0; 0; 0;0;0; 0;0; 0;0;0; 0;0; 0;0;0;0; 0;0;0; 0;0;0;0;0
2020-07-14; 0;14; 1; 0;1;0; 0;1;0;0; 0;0;0; 0; 1;0; 0;0;0;0;1; 0; 0; 2; 0; 0; 0;0; 0; 0;0;0; 0; 0;0;2;0; 0; 0; 0; 0; 0;1;1;1;0; 1;0;0; 0;2;0; 0;0;0;0;2;0;0;1;0;0; 0;0;0; 0;0;0;0;0;0;0;0;0; 0; 1;0;0; 0;0; 0;0;0; 0;0; 0;0;0;0; 0;0;0; 0;0;0;0;0
2020-07-15; 0;13; 1; 0;0;0; 0;0;0;0; 1;3;0; 1; 1;0; 0;0;0;0;0; 0; 0; 1; 0; 0; 0;0; 2; 0;0;0; 0; 1;0;1;0; 1; 0; 0; 0; 1;0;0;1;0; 3;0;0; 0;2;0; 1;0;0;0;0;0;0;1;0;0; 3;0;0; 0;0;0;0;0;0;0;0;1; 0; 1;0;0; 0;0; 0;0;0; 0;0; 0;0;0;0; 1;1;0; 0;0;0;0;0
2020-07-16; 0; 7; 3; 1;5;0; 1;0;1;0; 0;0;1; 0; 0;0; 0;0;0;1;1; 1; 0; 2; 0; 0; 0;3; 3; 0;0;0; 0; 0;0;0;0; 0; 0; 0; 0; 1;0;1;1;0; 1;0;0; 0;2;1; 0;0;0;0;0;0;0;0;0;0; 4;0;1; 0;0;0;0;0;0;0;1;0; 1; 4;0;0; 0;0; 1;0;1; 2;0; 0;0;0;0; 0;0;0; 0;0;0;0;0
2020-07-17; 1; 7; 1; 2;2;0; 0;0;0;0; 0;0;0; 2; 0;0; 0;0;0;0;0; 0; 0; 0; 0; 0; 0;0; 0; 0;0;0; 0; 0;0;0;0; 1; 0; 0; 0; 1;0;0;0;1; 2;0;0; 0;1;0; 3;0;0;0;0;0;0;0;1;0; 1;0;3; 0;0;0;0;0;0;0;0;2; 0; 1;0;0; 0;0; 0;0;0; 0;0; 0;0;0;0; 0;0;0; 0;0;0;0;0
2020-07-18; 0;10; 0; 1;2;0; 0;0;0;0; 0;0;1; 0; 0;0; 0;0;0;1;5; 0; 0; 0; 0; 0; 0;0; 6; 1;0;0; 0; 1;1;0;0; 0; 0; 0; 0; 1;0;3;0;0; 3;0;0; 0;2;0; 2;0;0;0;0;0;0;0;0;0; 0;0;0; 0;0;0;0;0;0;0;0;0; 0; 1;0;0; 0;0; 1;0;0; 1;0; 0;0;0;0; 0;0;0; 0;0;0;0;0
2020-07-19; 1;10; 0; 2;0;0; 0;0;0;0; 0;0;2; 0; 0;0; 0;0;0;0;1; 0; 0; 0; 0; 0; 0;0; 0; 1;0;0; 0; 0;0;0;0; 0; 0; 1; 0; 0;0;1;0;0; 0;0;0; 1;1;0; 3;0;0;0;0;0;0;0;1;0; 1;1;0; 0;0;0;0;0;0;0;0;0; 0; 1;0;0; 0;0; 0;0;0; 0;0; 0;0;0;0; 0;0;0; 0;0;0;0;0
2020-07-20; 1; 9; 1; 0;2;0; 0;1;0;0; 0;0;0; 0; 0;0; 0;1;0;0;1; 0; 0; 0; 0; 0; 0;0; 2; 2;0;1; 0; 3;0;0;0; 0; 0; 0; 0; 2;0;0;1;0; 1;0;0; 1;1;0; 1;0;0;0;0;0;0;0;0;0; 0;0;0; 0;0;0;0;0;0;0;0;0; 0; 0;0;0; 0;0; 0;0;0; 0;0; 1;0;0;0; 0;0;0; 0;0;0;0;0
2020-07-21; 0;14; 0; 1;0;0; 0;0;0;0; 1;0;1; 0; 2;0; 0;0;0;0;0; 0; 0; 0; 0; 0; 0;0; 1; 0;0;0; 0; 0;0;0;0; 0; 0; 0; 0; 0;0;2;1;0; 4;0;0; 0;0;0; 1;0;0;0;0;0;0;1;0;0; 0;1;0; 1;0;0;0;0;0;0;0;0; 1; 1;0;0; 0;0; 1;0;0; 1;0; 0;1;0;0; 0;0;0; 0;0;0;0;0
2020-07-22; 0; 7; 0; 0;1;0; 0;0;0;0; 1;0;0; 0; 1;0; 0;0;0;0;1; 0; 0; 0; 0; 0; 0;0; 0; 1;0;2; 0; 3;0;0;0; 0; 0; 0; 0; 1;0;2;2;0; 1;0;0; 0;0;0; 0;0;0;0;0;0;0;0;0;0; 0;2;0; 0;0;0;0;0;0;0;0;0; 0; 3;0;0; 0;0; 3;0;0; 1;0; 1;0;0;0; 0;0;0; 1;0;0;0;0
2020-07-23; 0;14; 1; 2;1;0; 0;0;0;0; 2;0;1; 1; 0;0; 0;0;0;0;2; 0; 1; 1; 0; 0; 0;0; 3; 0;0;3; 0; 0;0;0;0; 4; 0; 0; 0; 5;0;1;0;0; 0;0;0; 1;1;0; 0;0;0;0;0;0;0;0;0;0; 1;1;0; 0;0;0;0;0;0;0;0;1; 2; 1;0;0; 0;0; 0;0;0; 0;0; 0;0;0;0; 0;0;0; 1;0;0;0;0
2020-07-24; 0;10; 3; 1;0;0; 0;0;1;0; 1;0;0; 0; 0;0; 1;0;0;1;0; 1; 1; 1; 0; 1; 0;0; 2; 0;0;0; 0; 2;0;1;0; 1; 0; 0; 0; 0;0;1;0;0; 1;0;0; 2;0;0; 0;0;0;0;1;0;0;0;0;0; 0;1;0; 1;0;0;0;0;0;0;0;0; 0; 0;0;0; 0;0; 0;0;1; 0;0; 0;0;0;0; 0;0;0; 0;0;0;0;0
2020-07-25; 1; 2; 2; 0;0;0; 0;1;0;0; 1;0;1; 0; 1;0; 0;0;0;0;0; 0; 0; 2; 0; 1; 0;0; 0; 0;0;1; 0; 1;0;0;0; 1; 0; 0; 0; 1;1;4;1;1; 0;0;0; 2;0;0; 0;0;0;0;0;0;0;0;0;0; 0;0;0; 0;0;0;0;0;0;0;0;0; 0; 1;0;0; 0;0; 0;0;0; 0;0; 0;0;0;0; 1;0;0; 0;0;0;0;0
2020-07-26; 0; 3; 3; 1;1;0; 0;0;0;0; 0;0;1; 0; 1;1; 0;1;0;0;0; 0; 0; 2; 0; 0; 0;0; 0; 0;0;0; 0; 1;0;1;0; 1; 0; 0; 0; 0;0;1;0;0; 4;1;0; 0;0;0; 0;0;0;0;0;0;0;0;0;0; 0;0;0; 0;0;0;0;0;0;0;0;0; 0; 0;0;0; 0;0; 0;0;0; 0;0; 0;0;0;0; 0;0;0; 0;0;0;0;0
2020-07-27; 0; 6; 6; 2;0;0; 0;1;0;0; 4;0;1; 1; 2;0; 1;0;0;0;0; 0; 0; 4; 0; 0; 0;0; 0; 1;0;0; 0; 0;1;0;0; 1; 0; 0; 0; 1;1;3;0;0; 0;0;0; 0;0;0; 2;0;1;1;0;2;0;0;1;1; 0;0;1; 0;0;0;0;0;0;0;0;0; 0; 1;0;0; 0;0; 1;0;0; 0;0; 3;0;0;0;12;0;0; 0;1;0;0;0
2020-07-28; 0;16; 8; 0;0;0; 0;0;1;0; 0;0;0; 1; 2;0; 1;0;0;1;0; 0; 0; 1; 1; 1; 0;1; 1; 2;2;0; 0; 3;2;0;0; 0; 0; 0; 0; 0;1;0;1;0; 1;0;0; 0;0;0; 1;1;0;1;0;0;0;1;0;0; 0;0;0; 1;0;1;0;0;0;0;0;0; 0; 1;0;0; 0;0; 0;0;1; 0;0; 2;0;0;0;18;0;0; 1;1;0;0;0
2020-07-29; 1; 8; 8; 4;0;0; 0;0;0;0; 0;0;0; 1; 3;0; 1;0;0;0;2; 0; 0; 3; 0; 0; 0;0; 1; 1;0;0; 0; 1;1;1;0; 0; 1; 0; 1; 0;0;0;0;0; 0;0;1; 0;0;0; 0;0;1;1;0;0;0;0;0;0; 1;0;0; 0;0;0;0;0;0;0;0;0; 0; 0;0;1; 1;0; 1;0;0; 4;0; 1;0;0;0; 7;0;0; 0;2;0;0;0
2020-07-30; 0;10;18; 3;0;0; 2;0;0;0; 2;0;0; 3; 3;0; 0;0;0;1;0; 0; 0; 4; 0; 1; 0;0; 0; 0;1;0; 0; 3;1;0;0; 0; 0; 0; 0; 0;0;0;1;0; 0;0;0; 0;0;0; 3;3;0;1;0;2;0;0;2;0; 1;1;0; 1;0;0;0;0;0;0;1;0; 0; 0;0;0; 0;0; 2;0;0; 1;0; 1;0;0;0;12;0;0; 0;0;0;0;0
2020-07-31; 0; 6;13; 2;1;0; 0;2;0;0; 0;0;1; 0; 3;0; 2;1;0;0;0; 0; 0; 4; 2; 0; 0;0; 0; 0;0;2; 1; 0;0;0;0; 0; 0; 0; 1; 0;0;2;0;1; 1;0;0; 0;1;0; 0;1;0;1;0;0;0;0;0;0; 1;0;1; 0;0;0;0;0;0;0;0;0; 0; 0;0;0; 0;0; 0;0;0; 0;0; 0;0;0;0; 6;1;0; 0;1;0;0;0
2020-08-01; 0; 5;18; 0;0;0; 0;0;0;0; 0;0;0; 0; 5;0; 3;3;0;0;0; 0; 0; 1; 0; 1; 0;0; 0; 2;1;0; 0; 0;1;0;0; 0; 1; 0; 0; 0;0;0;1;4; 2;0;1; 2;0;0; 1;0;0;0;1;0;1;2;0;0; 0;0;0; 1;0;0;0;0;0;0;0;0; 0; 0;0;0; 0;0; 0;0;0; 1;0; 0;0;0;0; 6;0;0; 0;0;0;0;0
2020-08-02; 0;10;32; 1;1;0; 2;1;0;0; 0;0;1; 0; 5;0; 1;0;0;0;0; 1; 0; 0; 2; 2; 1;0; 0; 0;3;0; 0; 0;1;0;0; 0; 0; 1; 0; 1;0;1;1;0; 1;0;0; 0;0;0; 0;0;0;0;0;0;1;0;0;0; 0;0;0; 1;0;0;0;0;0;0;2;0; 0; 4;0;0; 0;0; 0;0;0; 1;0; 0;0;0;0; 0;0;0; 0;0;0;0;0
2020-08-03; 1;11;37; 0;0;0; 3;1;0;0; 0;0;0; 3; 5;0; 2;2;0;0;0; 3; 1; 1; 2; 1; 0;0; 0; 0;1;0; 0; 2;0;0;0; 0; 1; 0; 1; 1;0;0;0;0; 0;0;1; 0;0;0; 2;1;0;0;0;0;1;1;1;0; 0;0;1; 2;1;0;0;0;0;0;2;0; 2; 0;0;0; 0;1; 1;0;0; 0;0; 0;0;0;0;16;3;0; 0;1;0;0;0
2020-08-04; 4; 7;40; 1;2;0; 1;3;0;0; 0;3;3; 2; 2;0; 3;0;0;0;0; 0; 0; 3;14; 1; 0;0; 2; 1;0;1; 1; 2;0;0;0; 0; 0; 0; 2; 0;0;0;1;2; 0;0;2; 0;0;0; 3;1;0;0;0;0;2;0;1;0; 0;1;2; 0;0;0;0;0;0;0;1;0; 2; 0;0;0; 1;0; 0;0;1; 0;0; 0;0;1;0; 2;0;0; 0;0;0;0;0
2020-08-05; 0;14;56; 4;0;0; 1;1;0;0; 0;2;1; 0; 1;1; 2;0;0;0;0; 1; 0; 5; 1; 2; 0;0; 1; 0;1;0; 0; 2;1;1;0; 0; 0; 0; 1; 0;0;0;0;0; 1;0;1; 1;0;0; 1;1;0;0;0;0;0;0;0;0; 1;3;0; 0;0;0;1;0;0;0;2;0; 0; 1;0;0; 0;0; 0;0;0; 0;0; 0;0;2;0; 2;0;0; 0;0;0;0;0
2020-08-06; 2;11;77; 1;0;0; 2;0;0;0; 1;0;1; 5; 2;1; 4;1;2;0;0; 5; 1; 4; 5; 1; 0;0; 1; 1;2;0; 0; 1;3;0;0; 1; 0; 0; 0; 0;1;0;0;0; 1;1;3; 0;0;0; 6;2;0;0;1;0;0;1;1;0; 2;0;2; 0;0;1;0;0;0;0;0;0; 3; 0;0;0; 1;0; 1;0;0; 2;0; 0;0;0;0; 6;0;0; 0;1;0;0;0
2020-08-07; 2; 9;83; 0;0;0; 1;1;0;0; 1;0;1; 0; 0;0; 1;1;0;0;0; 0; 0; 0;18; 0; 0;0; 0; 0;0;1; 1; 1;1;0;0; 0; 0; 0; 0; 0;0;0;0;0; 0;0;0; 0;0;0; 1;0;0;0;0;1;0;1;0;0; 2;1;2; 1;0;0;0;0;0;0;1;0; 1; 0;0;0; 3;0; 0;0;0; 0;0; 2;0;1;0; 2;0;0; 0;0;0;0;0
2020-08-08; 0;10;50; 0;0;0; 2;0;0;0; 0;0;0; 0; 2;0; 0;0;0;0;0; 1; 0; 0; 2; 0; 0;0; 0; 0;1;0; 1; 0;0;0;0; 0; 1; 0; 0; 1;0;3;0;0; 0;0;2; 2;0;0; 1;1;0;0;0;0;0;0;0;0; 1;0;1; 0;0;0;0;1;0;0;0;0; 1; 1;0;0; 0;0; 2;0;0; 0;0; 0;0;0;0; 1;0;1; 0;0;0;0;0
2020-08-09; 1;13;53; 2;0;0; 4;0;0;0; 0;1;1; 0; 2;0; 0;0;0;0;0; 0; 0; 3; 4; 0; 0;0; 1; 0;0;1; 0; 0;0;2;1; 1; 0; 0; 0; 3;0;0;1;0; 1;1;1; 0;0;0; 1;0;0;0;1;2;0;3;0;0; 1;1;2; 1;0;4;0;0;0;0;3;0; 0; 5;0;0; 1;0; 0;0;0; 1;0; 4;0;0;0; 1;0;0; 1;0;0;0;0
2020-08-10; 4;17;51; 0;1;0; 2;1;0;0; 0;0;2; 2; 2;0; 1;2;0;0;0; 0; 0; 5; 5; 0; 0;0; 0; 1;0;1; 2; 0;0;0;1; 0; 0; 0; 0; 4;0;0;0;0; 2;0;1; 9;0;0; 2;0;0;1;8;0;0;0;0;0; 4;0;1; 0;0;0;3;0;0;0;0;1; 1; 4;0;0; 3;0; 2;0;0; 1;0; 1;0;0;0; 0;0;2; 1;1;0;0;0
2020-08-11; 5;17;54; 1;0;1; 6;0;0;0; 1;1;0; 2; 1;0; 2;0;0;2;3; 1; 0; 1; 4; 5; 2;0; 1; 1;0;1; 0; 2;0;0;0; 2; 1; 0; 0; 2;0;0;1;0; 1;0;0; 0;0;1; 2;2;1;1;0;1;0;1;0;0; 0;0;0; 0;0;0;0;1;0;0;0;0; 0; 1;0;1; 0;0; 1;0;0; 1;0; 0;0;0;0; 1;0;0; 0;0;0;0;0
2020-08-12; 0;20;64; 2;0;0; 2;0;0;0; 0;1;0; 1; 8;0; 1;0;0;1;0; 1; 1; 2; 6; 0; 0;0; 0; 1;0;0; 0; 1;0;0;0; 0; 0; 4; 1; 2;1;0;0;0; 0;0;0; 7;2;0; 1;0;0;0;0;0;2;2;0;0; 6;0;0; 0;0;1;1;0;0;1;0;2; 0; 7;0;1; 2;0; 1;0;0; 1;0; 0;0;0;0; 2;0;0; 0;1;0;0;0
2020-08-13; 0;17;46; 4;0;0; 1;0;0;0; 0;0;1; 1; 4;0; 1;2;0;0;0; 0; 1; 5; 2; 1; 1;0; 0; 0;0;2; 0; 3;0;0;0; 0; 0; 2; 0; 1;0;0;0;0; 1;0;0; 3;1;0; 1;0;0;1;0;0;0;1;0;0; 3;0;0; 0;0;1;1;0;0;0;3;0; 0; 2;0;0; 1;0; 0;0;0; 0;0; 0;0;0;0; 0;0;1; 0;1;0;0;0
2020-08-14; 0;16;15; 5;1;0; 3;1;0;0; 1;0;3; 1; 5;0; 0;0;0;3;1; 0; 0; 5; 1; 3; 0;0; 1; 0;1;0; 0; 1;4;0;0; 0; 0; 1; 0; 0;0;0;0;1; 2;0;1; 7;3;1; 2;1;0;2;0;0;0;0;1;0; 0;1;1; 1;0;0;2;0;0;1;0;0; 2; 2;0;0; 0;0; 1;2;0; 2;0; 2;0;0;0; 0;0;0; 0;0;0;0;0
2020-08-15; 1;12;52; 3;0;0; 2;0;0;0; 0;1;0; 1; 4;0; 1;1;0;1;0; 0; 1; 6; 2; 0; 0;0; 2; 0;1;0; 0; 0;1;0;1; 0; 0; 1; 0; 0;0;0;0;0; 1;0;0; 5;0;5; 2;0;0;0;0;0;2;5;0;0; 0;0;0; 2;0;0;2;2;0;0;1;0; 0; 1;1;0; 0;0; 0;0;0; 2;0; 0;0;0;0; 0;1;0; 0;0;0;0;0
2020-08-16; 4;18;21; 0;0;0; 1;0;0;0; 1;0;0; 1; 9;0; 1;1;0;0;0; 0; 1; 5; 2; 0; 3;0; 2; 1;1;0; 0; 1;0;0;0; 0; 0; 0; 0; 0;0;0;1;0; 0;0;0; 5;1;1; 0;0;0;0;0;0;1;1;0;0; 2;0;0; 0;0;0;0;0;0;0;0;0; 1; 1;0;0; 0;0; 0;0;0; 1;0; 0;0;0;0; 0;1;0; 1;0;0;0;0
2020-08-17; 0;12;23; 2;1;1; 0;0;0;0; 0;1;2; 0; 4;0; 2;1;0;1;1; 1; 0; 4; 2; 2; 1;0; 0; 1;0;0; 0; 1;0;0;0; 0; 0; 2; 1; 1;1;0;0;0; 1;0;0; 2;4;3; 2;0;0;1;1;0;0;2;0;0; 0;1;0; 3;0;0;0;0;0;0;1;1; 0; 0;0;0; 0;0; 0;0;0; 0;0; 2;0;0;1; 1;1;1; 0;0;0;0;0
2020-08-18; 4;18;23; 1;0;0; 2;1;0;1; 1;1;2; 0; 4;0; 2;1;0;0;1; 2; 0; 7; 2; 2; 1;0; 0; 1;2;0; 0; 1;0;0;0; 0; 1; 1; 1; 2;0;0;0;2; 2;0;0; 3;2;0; 0;0;0;0;4;0;0;0;0;0; 2;0;0; 2;0;0;0;0;2;1;1;0; 2; 0;0;0; 0;0; 1;0;0; 1;0; 0;0;0;0; 0;1;0; 1;0;0;0;0
2020-08-19; 0;16;10; 2;0;0; 2;0;1;0; 2;0;0; 0; 5;2; 2;1;0;1;0; 2; 1; 3; 5; 4; 2;0; 1; 0;0;0; 1; 0;1;0;0; 0; 0; 0; 0; 0;0;1;0;0; 0;0;0; 2;0;0; 0;0;0;0;0;0;2;0;0;0; 0;2;0; 3;0;0;0;0;0;0;0;0; 1; 5;0;0; 1;0; 0;0;0; 0;0; 1;0;1;0; 0;1;0; 0;2;0;0;0
2020-08-20; 1;11;18; 2;3;0; 3;0;0;0; 0;0;2; 0; 2;0; 2;0;0;0;2; 1; 1; 2; 5; 0; 3;1; 0; 1;1;0; 1; 0;0;0;0; 0; 1; 1; 0; 1;0;1;0;0; 0;0;0; 0;1;1; 1;0;0;0;3;0;0;0;1;0; 0;0;0; 1;1;0;0;0;0;0;1;0; 0; 2;0;0; 0;0; 1;0;0; 0;0; 0;0;0;0; 0;0;1; 1;0;0;0;0
2020-08-21; 1;10;13; 2;1;0; 2;2;0;0; 0;0;1; 0; 4;0; 1;1;0;0;0; 1; 0; 5; 4; 0; 2;3; 0; 1;0;1; 1; 1;0;0;0; 0; 0; 0; 0; 0;0;0;0;0; 0;0;0; 1;5;1; 0;0;0;1;1;0;1;2;0;0; 0;0;1; 1;0;1;0;0;0;0;0;0; 0; 2;1;0; 0;0; 1;0;0; 2;0; 0;0;1;0; 0;1;1; 1;0;0;0;0
2020-08-22; 0;23;15; 0;0;0; 1;0;1;0; 0;0;0; 0; 3;0; 6;5;0;0;1; 0; 3; 4; 4; 0; 0;1; 0; 1;0;0; 0; 0;0;0;0; 0; 0; 1; 4; 0;0;0;1;0; 0;0;1; 0;3;0; 1;1;0;0;0;3;0;0;1;0; 0;0;0; 1;0;0;0;0;0;0;0;1; 0; 0;0;0; 0;0; 0;1;0; 0;0; 0;0;0;0; 0;0;0; 1;0;0;0;0
2020-08-23; 0;10;17; 2;0;0; 0;0;0;0; 0;0;3; 1; 3;0; 1;0;0;0;1; 0; 0; 2; 3; 0; 2;1; 0; 0;0;0; 0; 0;0;1;0; 0; 0; 3; 0; 1;0;1;0;0; 0;0;0; 0;2;0; 1;0;0;0;0;7;0;0;0;0; 0;1;1; 2;0;0;0;0;0;0;0;0; 1; 3;0;0; 1;1; 0;0;0; 0;0; 0;0;1;0; 0;0;0; 0;0;0;0;0
2020-08-24; 2;12;11; 2;1;0; 0;0;0;0; 0;0;0; 0; 3;0; 0;1;0;0;0; 0; 0; 2; 3; 2; 0;0; 0; 2;1;0; 0; 1;0;0;0; 0; 0; 2; 2; 0;2;1;0;0; 0;0;0; 1;0;1; 1;0;0;2;1;2;0;0;0;0; 1;0;1; 1;0;0;1;1;0;0;0;0; 2; 1;0;0; 0;0; 0;0;0; 1;1; 0;0;1;0; 0;1;1; 1;0;0;0;0
2020-08-25; 0; 8;10;11;0;0; 1;1;0;0; 0;0;0; 0; 3;1; 0;0;0;0;0; 2; 1; 0; 3; 1; 4;0; 1; 0;0;0; 0; 0;0;0;0; 0; 0; 3; 1; 4;0;0;0;0; 6;0;0; 2;1;0; 0;0;0;0;0;1;1;0;0;0; 1;2;0; 2;1;0;0;0;1;0;1;1; 0; 1;0;0; 0;0; 0;1;1; 0;0; 0;0;1;0; 0;0;1; 0;1;0;0;0
2020-08-26; 2;14;10; 2;0;0; 1;0;0;1; 2;0;0; 1; 1;0; 1;1;0;0;0; 0; 0; 4; 3; 1; 2;0; 1; 1;2;0; 0; 2;0;0;0; 0; 0; 2; 1; 0;3;1;2;0; 1;1;0; 0;4;0; 1;0;0;0;0;0;0;0;0;0; 0;0;0; 1;1;0;0;2;0;0;1;0; 1; 1;0;0; 1;0; 1;1;1; 0;0; 0;0;0;0; 0;0;0; 0;0;0;0;0
2020-08-27; 0;12; 8; 5;1;0; 1;0;0;0; 0;0;0; 0; 1;0; 0;1;0;0;0; 2; 0; 3; 3; 1; 1;1; 0; 1;0;0; 1; 0;1;0;0; 0; 1; 1; 0; 1;0;0;1;0; 1;1;1; 0;0;0; 2;0;0;0;0;0;0;0;0;1; 0;1;0; 1;1;0;0;0;0;0;0;0; 1; 1;0;0; 0;1; 0;0;0; 0;0; 0;0;4;0; 0;1;0; 1;4;0;0;0
2020-08-28; 2;26;12; 2;0;0; 2;0;0;0; 0;0;3; 0; 2;0; 1;0;0;0;3; 2; 0;12; 1; 1; 2;0; 0; 0;0;0; 1; 3;0;0;0; 0; 5; 5; 1; 2;1;0;0;0; 0;2;0; 0;0;2; 0;0;2;1;0;0;0;0;0;0; 0;1;0; 1;1;0;0;1;0;0;0;0; 0; 1;0;0; 0;0; 0;0;0; 1;0; 1;0;1;0; 0;0;0; 1;2;0;0;0
2020-08-29; 0;24; 8; 2;0;0; 0;0;1;0; 0;0;1; 0; 5;0; 2;0;0;0;0; 1; 0; 3; 2; 0; 2;1; 0; 0;0;0; 0; 0;0;0;1; 0; 1; 1; 0; 2;0;0;1;0; 1;2;0; 1;1;0; 0;0;0;1;0;2;0;2;0;0; 1;3;0; 2;0;0;0;0;0;1;0;1; 0; 1;0;0; 0;1; 0;0;1; 1;0; 0;0;1;0; 0;0;1; 0;0;0;0;0
2020-08-30; 1;26; 8; 0;0;0; 1;1;0;0; 0;0;1; 0; 0;1; 1;0;0;0;0; 1; 1; 9; 6; 3; 2;0; 0; 0;0;1; 1; 3;0;1;0; 0; 1; 2; 1; 5;0;0;0;0; 2;2;0; 0;0;1; 2;0;0;0;0;0;0;0;0;0; 4;1;0; 0;0;2;0;0;0;0;0;0; 1; 2;0;0; 1;0; 2;0;0; 0;1; 2;0;2;0; 0;0;0; 0;1;0;0;0
2020-08-31; 2;30;13; 4;0;0; 2;2;0;0; 1;0;0; 0; 0;1; 2;0;0;0;0; 2; 2;14; 1; 0; 2;0; 1; 0;0;0; 0; 5;0;0;0; 0; 2; 0; 1; 1;0;1;1;1; 4;0;0; 0;4;0; 0;0;0;0;0;1;0;0;0;0; 5;3;0; 0;1;0;0;1;0;0;0;0; 2; 1;0;0; 0;0; 0;0;0; 1;0; 3;1;0;0; 0;0;0; 0;0;0;0;0
2020-09-01; 8;34;11; 6;0;0; 4;0;0;0; 2;1;1; 0; 4;0; 6;3;2;1;2; 1; 1;32; 4; 2; 1;0; 3; 1;1;2; 2; 2;0;0;0; 0; 1; 2; 1; 8;0;1;0;0; 6;0;0; 2;2;0; 2;0;0;0;1;4;0;2;0;1; 4;1;0; 1;1;0;1;1;0;0;0;0; 1; 2;0;0; 0;0; 1;1;0; 1;0; 9;0;2;0; 1;0;1; 0;0;0;0;0
2020-09-02; 9;40; 8; 0;0;1; 2;0;1;0; 0;0;2; 0; 1;2; 5;0;0;1;0; 1; 2;17; 2; 1; 3;0; 1; 0;0;0; 0; 5;0;0;0; 3; 1; 0; 0; 4;0;1;2;0; 4;1;0; 0;7;1; 0;0;1;3;0;1;0;0;0;0; 3;1;0; 1;1;0;0;1;0;0;0;1; 0; 2;0;0; 0;2; 2;0;2; 3;0; 0;1;1;0; 0;0;1; 0;0;0;0;0
2020-09-03; 5;55;10; 7;0;0; 2;1;1;0; 1;1;1; 0; 8;6; 1;0;0;5;2; 0; 4;15; 1; 1; 6;0; 0; 1;1;1; 3; 6;0;1;0; 6; 0; 1; 0; 6;0;0;2;0; 1;0;0; 0;2;0; 2;1;0;0;3;3;0;0;1;0; 3;2;2; 1;0;0;0;0;0;0;0;0; 2; 3;0;0; 0;0; 0;1;0; 2;0; 2;0;0;0; 0;0;0; 0;0;0;0;0
2020-09-04; 9;47; 8;11;0;0; 2;0;1;0; 5;1;4; 3; 7;3; 1;0;0;3;5; 1; 0;16; 0; 2; 1;2; 0; 1;1;0; 2; 3;0;0;1; 3; 3; 4; 0; 1;1;1;0;0; 0;0;0; 1;7;0; 2;0;1;1;0;2;0;3;0;0; 1;4;0; 0;0;0;0;1;0;0;0;0; 4; 2;0;0; 0;0; 2;1;1; 6;0; 1;3;1;0; 0;0;2; 0;0;0;0;0
2020-09-05; 3;50; 8; 1;0;0; 3;0;0;0; 3;2;5; 1; 2;2; 7;0;0;2;2; 0; 2;20; 0; 2; 5;1; 3; 1;1;2; 3; 4;0;1;0; 5; 0; 6; 0; 4;0;2;1;1; 1;0;1; 1;2;0; 4;1;1;2;0;2;0;1;0;0; 0;2;0; 0;2;0;0;0;0;0;0;1; 4; 2;0;0; 0;0; 1;1;2; 2;0; 2;2;0;1; 0;0;2; 1;1;0;0;0
2020-09-06; 4;66;10; 9;0;0; 4;1;0;1; 0;4;4; 0; 6;1; 0;1;0;2;3; 0; 1;14; 1; 0; 3;0; 3; 2;0;0; 0;10;0;0;0;11; 0; 6; 1; 3;0;3;0;0; 4;1;0; 0;5;0; 6;0;0;0;0;0;0;0;0;0; 2;4;2; 0;0;0;0;1;0;0;1;0; 1; 6;0;0; 1;0; 3;0;0; 4;0; 3;1;2;0; 1;0;1; 0;0;0;0;0
2020-09-07; 9;81; 9;10;3;0; 6;1;1;0; 0;5;3; 4; 5;7; 1;0;0;2;5; 0; 1;11; 4; 0; 3;1; 4; 2;0;0; 2; 5;2;0;1; 8; 2; 6; 1; 2;0;9;1;1; 0;1;0; 1;3;0;28;0;1;1;0;0;0;2;1;0; 4;4;1; 0;1;0;0;0;0;0;0;0; 2; 3;0;0;10;0; 2;1;1; 1;0; 4;0;0;0; 1;1;0; 2;1;0;0;0
2020-09-08;10;63;11;16;1;2; 4;0;0;0; 2;3;3; 2;10;5; 5;0;3;1;3; 1; 1;12; 5; 0;12;1; 1; 2;0;2;14;10;1;0;0; 3; 0; 4;18; 4;0;0;3;1; 3;0;0; 1;5;0;16;8;2;1;0;0;0;1;0;0; 3;5;1; 3;0;0;0;0;1;0;0;0; 4; 2;0;0; 1;0; 1;2;0; 3;0;12;3;0;1; 1;1;1; 4;1;0;0;1
2020-09-09; 6;62;14;16;1;0; 5;0;0;1; 2;4;4; 1; 9;2;10;2;0;1;1; 2; 1;15; 0; 0; 5;0; 4; 4;2;2; 9; 6;0;0;0; 5; 2; 8; 3; 1;1;3;1;0; 1;1;1; 1;5;1; 4;0;1;2;0;0;1;0;2;1; 9;3;2; 1;2;1;0;0;0;0;0;2; 3; 8;0;0; 0;0; 2;2;2; 1;0; 5;0;0;1; 0;0;4; 6;1;0;0;1
2020-09-10; 5;83; 9;16;5;0; 2;0;1;0; 3;6;5; 5;12;5;14;1;4;2;3; 5; 0;15; 0; 0; 7;0; 7; 2;0;0; 8; 9;1;0;0; 6; 3; 6; 3; 4;1;1;1;0; 3;1;1; 2;2;0;17;1;0;4;0;1;0;2;2;0; 5;5;2; 1;1;0;0;0;2;4;2;1; 1; 5;0;0; 0;0; 1;1;1;14;0; 5;1;3;0; 2;2;0; 9;2;0;0;0
2020-09-11; 8;80;16;13;0;1; 4;1;1;0; 1;4;1; 1;15;5;10;3;2;1;0; 0; 1; 9; 3; 2; 1;0; 7; 2;2;0; 7; 8;0;0;0; 4; 9; 4; 7; 3;3;0;0;0; 3;1;1;11;2;4; 3;1;1;1;1;1;1;2;0;0; 3;3;0; 3;0;1;3;1;0;0;1;0; 6; 5;3;0; 1;0; 3;1;0; 4;2; 4;0;0;1; 4;2;1;16;5;0;0;1
2020-09-12; 7;66; 8;10;0;0; 4;1;0;0; 4;4;4; 0;10;6;12;1;2;1;2; 1; 2; 6; 2; 0;13;0; 0; 2;0;1; 0; 8;0;0;0; 3; 5; 4; 6;14;3;3;1;0; 2;0;1; 2;8;0; 1;1;0;1;0;0;0;1;2;0; 4;4;1; 0;1;1;1;0;3;1;1;0; 6; 5;3;0; 0;1; 2;2;2; 8;0; 5;0;0;0; 1;0;2; 8;3;0;0;1
2020-09-13; 4;71; 4;10;0;1; 2;1;0;0; 1;5;3; 0;19;6; 9;0;0;3;0; 3; 3;11; 1; 0; 3;1; 4; 4;0;4; 3; 5;1;2;0; 3; 0; 3; 6; 7;0;1;1;0; 1;1;1; 1;7;1; 5;1;0;3;0;1;2;2;0;0;10;4;0; 0;0;0;0;0;0;0;1;0; 3; 8;0;0; 2;0; 0;0;2;10;0; 4;0;0;0; 0;0;0;14;7;0;0;0
2020-09-14; 7;90;17;14;1;1;10;2;1;0; 2;1;7; 0;18;5;13;1;0;6;1; 1; 3;10; 1; 2; 4;1; 6; 8;0;4; 1; 7;0;0;3; 2; 0; 7; 0; 6;2;3;1;0; 2;0;1; 2;4;0;10;2;0;0;0;0;0;2;1;2;11;5;0; 0;0;0;0;1;1;5;4;0; 5; 5;1;1; 0;0; 4;1;5; 9;2; 4;0;2;0; 1;0;2; 8;2;0;0;0
2020-09-15; 7;74;17;16;0;0; 5;2;1;0; 3;2;5; 1;13;1;12;0;1;3;3; 3; 1; 2; 4; 2; 2;0; 4; 2;0;6; 0; 8;2;0;1; 6; 1; 8; 2;12;3;3;1;2; 2;3;3; 3;4;0; 1;2;2;0;1;1;1;0;0;0; 2;4;0; 1;0;1;0;0;5;2;0;0; 1; 5;0;0; 0;1; 1;1;0; 9;0; 0;0;0;0; 0;0;0; 8;2;0;0;1
2020-09-16; 0;17; 2; 4;0;0; 0;1;0;0; 0;0;2; 0; 5;0; 1;0;0;0;1; 0; 0; 5; 0; 0; 0;0; 0; 0;1;4; 0; 2;0;0;0; 1; 0; 0; 0; 1;0;2;0;0; 1;0;0; 0;0;0; 5;2;1;0;0;0;0;0;0;0; 2;0;0; 0;0;0;0;0;0;1;0;0; 0; 1;0;0; 0;0; 0;0;0; 0;0; 0;1;0;0; 1;0;0; 2;0;0;0;0
